t_ms,magnitude,coherence,score,fraction,peak_2s,gesture
1787845757218,0.0000,0.0000,0.0000,0.0000,0.0000,default
1787845757363,0.0000,0.0000,0.0000,0.0000,0.0000,default
1787845757443,0.0000,0.0000,0.0000,0.0000,0.0000,default
1787845757526,0.0000,0.0000,0.0000,0.0000,0.0000,default
1787845757609,0.0000,0.0000,0.0000,0.0000,0.0000,default
1787845757693,0.0000,0.0000,0.0000,0.0000,0.0000,default
1787845757777,0.0000,0.0000,0.0000,0.0000,0.0000,default
1787845757860,0.0000,0.0000,0.0000,0.0000,0.0000,default
1787845757943,0.0000,0.0000,0.0000,0.0000,0.0000,default
1787845758026,0.0000,0.0000,0.0000,0.0000,0.0000,default
1787845758110,0.0000,0.0000,0.0000,0.0000,0.0000,default
1787845758192,0.0000,0.0000,0.0000,0.0000,0.0000,default
1787845758276,0.0000,0.0000,0.0000,0.0000,0.0000,default
1787845758360,0.0000,0.0000,0.0000,0.0000,0.0000,default
1787845758442,0.0000,0.0000,0.0000,0.0000,0.0000,default
1787845758526,0.0000,0.0000,0.0000,0.0000,0.0000,default
1787845758610,0.0000,0.0000,0.0000,0.0000,0.0000,default
1787845758693,0.0000,0.0000,0.0000,0.0000,0.0000,default
1787845758775,0.0000,0.0000,0.0000,0.0000,0.0000,default
1787845758860,0.0000,0.0000,0.0000,0.0000,0.0000,default
1787845758944,0.0000,0.0000,0.0000,0.0000,0.0000,default
1787845759026,0.0000,0.0000,0.0000,0.0000,0.0000,default
1787845759110,0.0000,0.0000,0.0000,0.0000,0.0000,default
1787845759193,0.0000,0.0000,0.0000,0.0000,0.0000,default
1787845759276,0.0000,0.0000,0.0000,0.0000,0.0000,default
1787845759359,0.0000,0.0000,0.0000,0.0000,0.0000,default
1787845759443,0.0000,0.0000,0.0000,0.0000,0.0000,default
1787845759527,0.0000,0.0000,0.0000,0.0000,0.0000,default
1787845759610,0.0000,0.0000,0.0000,0.0000,0.0000,default
1787845759691,0.0000,0.0000,0.0000,0.0000,0.0000,default
1787845759776,0.0000,0.0000,0.0000,0.0000,0.0000,default
1787845759860,0.0000,0.0000,0.0000,0.0000,0.0000,default
1787845759943,0.0000,0.0000,0.0000,0.0000,0.0000,default
1787845760026,0.0000,0.0000,0.0000,0.0000,0.0000,default
1787845760092,0.0000,0.0000,0.0000,0.0000,0.0000,default
1787845760143,0.0000,0.0000,0.0000,0.0000,0.0000,default
1787845760225,0.0000,0.0000,0.0000,0.0000,0.0000,default
1787845760310,0.0000,0.0000,0.0000,0.0000,0.0000,default
1787845760392,0.0000,0.0000,0.0000,0.0000,0.0000,default
1787845760477,0.0000,0.0000,0.0000,0.0000,0.0000,default
1787845760559,0.0000,0.0000,0.0000,0.0000,0.0000,default
1787845760642,0.0000,0.0000,0.0000,0.0000,0.0000,default
1787845760727,0.0000,0.0000,0.0000,0.0000,0.0000,default
1787845760810,0.0000,0.0000,0.0000,0.0000,0.0000,default
1787845760892,0.0000,0.0000,0.0000,0.0000,0.0000,default
1787845760964,0.0000,0.0000,0.0000,0.0000,0.0000,default
1787845761047,0.0000,0.0000,0.0000,0.0000,0.0000,default
1787845761129,0.0000,0.0000,0.0000,0.0000,0.0000,default
1787845761214,0.0000,0.0000,0.0000,0.0000,0.0000,default
1787845761298,0.0000,0.0000,0.0000,0.0000,0.0000,default
1787845761384,0.0000,0.0000,0.0000,0.0000,0.0000,default
1787845761463,0.0000,0.0000,0.0000,0.0000,0.0000,default
1787845761547,0.0000,0.0000,0.0000,0.0000,0.0000,default
1787845761630,0.0000,0.0000,0.0000,0.0000,0.0000,default
1787845761714,0.0000,0.0000,0.0000,0.0000,0.0000,default
1787845761797,0.0000,0.0000,0.0000,0.0000,0.0000,default
1787845761880,0.0000,0.0000,0.0000,0.0000,0.0000,default
1787845761963,0.0000,0.0000,0.0000,0.0000,0.0000,default
1787845762048,0.0000,0.0000,0.0000,0.0000,0.0000,default
1787845762128,0.0000,0.0000,0.0000,0.0000,0.0000,default
1787845762214,0.0000,0.0000,0.0000,0.0000,0.0000,default
1787845762297,0.0000,0.0000,0.0000,0.0000,0.0000,default
1787845762380,0.0000,0.0000,0.0000,0.0000,0.0000,default
1787845762432,0.0000,0.0000,0.0000,0.0000,0.0000,default
1787845762506,0.0000,0.0000,0.0000,0.0000,0.0000,default
1787845762589,0.0000,0.0000,0.0000,0.0000,0.0000,default
1787845762673,0.0000,0.0000,0.0000,0.0000,0.0000,default
1787845762757,0.0000,0.0000,0.0000,0.0000,0.0000,default
1787845762840,0.0000,0.0000,0.0000,0.0000,0.0000,default
1787845762926,0.0000,0.0000,0.0000,0.0000,0.0000,default
1787845763006,0.0000,0.0000,0.0000,0.0000,0.0000,default
1787845763090,0.0000,0.0000,0.0000,0.0000,0.0000,default
1787845763173,0.0000,0.0000,0.0000,0.0000,0.0000,default
1787845763255,0.0000,0.0000,0.0000,0.0000,0.0000,default
1787845763340,0.0000,0.0000,0.0000,0.0000,0.0000,default
1787845763424,0.0000,0.0000,0.0000,0.0000,0.0000,default
1787845763506,0.0000,0.0000,0.0000,0.0000,0.0000,default
1787845763590,0.0000,0.0000,0.0000,0.0000,0.0000,default
1787845763672,0.0000,0.0000,0.0000,0.0000,0.0000,default
1787845763756,0.0000,0.0000,0.0000,0.0000,0.0000,default
1787845763840,0.0000,0.0000,0.0000,0.0000,0.0000,default
1787845763923,0.0000,0.0000,0.0000,0.0000,0.0000,default
1787845764007,0.0000,0.0000,0.0000,0.0000,0.0000,default
1787845764090,0.0000,0.0000,0.0000,0.0000,0.0000,default
1787845764172,0.0000,0.0000,0.0000,0.0000,0.0000,default
1787845764256,0.0000,0.0000,0.0000,0.0000,0.0000,default
1787845764340,0.0000,0.0000,0.0000,0.0000,0.0000,default
1787845764422,0.0000,0.0000,0.0000,0.0000,0.0000,default
1787845764506,0.0000,0.0000,0.0000,0.0000,0.0000,default
1787845764592,0.0000,0.0000,0.0000,0.0000,0.0000,default
1787845764674,0.0000,0.0000,0.0000,0.0000,0.0000,default
1787845764756,0.0000,0.0000,0.0000,0.0000,0.0000,default
1787845764840,0.0000,0.0000,0.0000,0.0000,0.0000,default
1787845764924,0.0000,0.0000,0.0000,0.0000,0.0000,default
1787845765005,0.0000,0.0000,0.0000,0.0000,0.0000,default
1787845765055,0.0000,0.0000,0.0000,0.0000,0.0000,default
1787845765130,0.0000,0.0000,0.0000,0.0000,0.0000,default
1787845765213,0.0000,0.0000,0.0000,0.0000,0.0000,default
1787845765297,0.0000,0.0000,0.0000,0.0000,0.0000,default
1787845765380,0.0000,0.0000,0.0000,0.0000,0.0000,default
1787845765464,0.0000,0.0000,0.0000,0.0000,0.0000,default
1787845765512,0.0000,0.0000,0.0000,0.0000,0.0000,default
1787845765589,0.0000,0.0000,0.0000,0.0000,0.0000,default
1787845765671,0.0000,0.0000,0.0000,0.0000,0.0000,default
1787845765756,0.0000,0.0000,0.0000,0.0000,0.0000,default
1787845765840,0.0000,0.0000,0.0000,0.0000,0.0000,default
1787845765924,0.0000,0.0000,0.0000,0.0000,0.0000,default
1787845766006,0.0000,0.0000,0.0000,0.0000,0.0000,default
1787845766088,0.0000,0.0000,0.0000,0.0000,0.0000,default
1787845766172,0.0000,0.0000,0.0000,0.0000,0.0000,default
1787845766254,0.0000,0.0000,0.0000,0.0000,0.0000,default
1787845766339,0.0000,0.0000,0.0000,0.0000,0.0000,default
1787845766421,0.0000,0.0000,0.0000,0.0000,0.0000,default
1787845766505,0.0000,0.0000,0.0000,0.0000,0.0000,default
1787845766589,0.0000,0.0000,0.0000,0.0000,0.0000,default
1787845766673,0.0000,0.0000,0.0000,0.0000,0.0000,default
1787845766756,0.0000,0.0000,0.0000,0.0000,0.0000,default
1787845766839,0.0000,0.0000,0.0000,0.0000,0.0000,default
1787845766923,0.0000,0.0000,0.0000,0.0000,0.0000,default
1787845767005,0.0000,0.0000,0.0000,0.0000,0.0000,default
1787845767087,0.0000,0.0000,0.0000,0.0000,0.0000,default
1787845767172,0.0000,0.0000,0.0000,0.0000,0.0000,default
1787845767255,0.0000,0.0000,0.0000,0.0000,0.0000,default
1787845767339,0.0000,0.0000,0.0000,0.0000,0.0000,default
1787845767422,0.0000,0.0000,0.0000,0.0000,0.0000,default
1787845767505,0.0000,0.0000,0.0000,0.0000,0.0000,default
1787845767588,0.0000,0.0000,0.0000,0.0000,0.0000,default
1787845767677,0.0000,0.0000,0.0000,0.0000,0.0000,default
1787845767755,0.0000,0.0000,0.0000,0.0000,0.0000,default
1787845767839,0.0000,0.0000,0.0000,0.0000,0.0000,default
1787845767922,0.0000,0.0000,0.0000,0.0000,0.0000,default
1787845768006,0.0000,0.0000,0.0000,0.0000,0.0000,default
1787845768088,0.0000,0.0000,0.0000,0.0000,0.0000,default
1787845768172,0.0000,0.0000,0.0000,0.0000,0.0000,default
1787845768256,0.0000,0.0000,0.0000,0.0000,0.0000,default
1787845768337,0.0000,0.0000,0.0000,0.0000,0.0000,default
1787845768422,0.0000,0.0000,0.0000,0.0000,0.0000,default
1787845768506,0.0000,0.0000,0.0000,0.0000,0.0000,default
1787845768590,0.0000,0.0000,0.0000,0.0000,0.0000,default
1787845768672,0.0000,0.0000,0.0000,0.0000,0.0000,default
1787845768756,0.0000,0.0000,0.0000,0.0000,0.0000,default
1787845768839,0.0000,0.0000,0.0000,0.0000,0.0000,default
1787845768922,0.0000,0.0000,0.0000,0.0000,0.0000,default
1787845769003,0.0000,0.0000,0.0000,0.0000,0.0000,default
1787845769088,0.0000,0.0000,0.0000,0.0000,0.0000,default
1787845769172,0.0000,0.0000,0.0000,0.0000,0.0000,default
1787845769254,0.0000,0.0000,0.0000,0.0000,0.0000,default
1787845769338,0.0000,0.0000,0.0000,0.0000,0.0000,default
1787845769422,0.0000,0.0000,0.0000,0.0000,0.0000,default
1787845769508,0.0000,0.0000,0.0000,0.0000,0.0000,default
1787845769588,0.0000,0.0000,0.0000,0.0000,0.0000,default
1787845769672,0.0000,0.0000,0.0000,0.0000,0.0000,default
1787845769755,0.0000,0.0000,0.0000,0.0000,0.0000,default
1787845769838,0.0000,0.0000,0.0000,0.0000,0.0000,default
1787845769923,0.0000,0.0000,0.0000,0.0000,0.0000,default
1787845770006,0.0000,0.0000,0.0000,0.0000,0.0000,default
1787845770088,0.0000,0.0000,0.0000,0.0000,0.0000,default
1787845770172,0.0000,0.0000,0.0000,0.0000,0.0000,default
1787845770256,0.0000,0.0000,0.0000,0.0000,0.0000,default
1787845770339,0.0000,0.0000,0.0000,0.0000,0.0000,default
1787845770421,0.0000,0.0000,0.0000,0.0000,0.0000,default
1787845770515,0.0000,0.0000,0.0000,0.0000,0.0000,default
1787845770588,0.0000,0.0000,0.0000,0.0000,0.0000,default
1787845770672,0.0000,0.0000,0.0000,0.0000,0.0000,default
1787845770756,0.0000,0.0000,0.0000,0.0000,0.0000,default
1787845770839,0.0000,0.0000,0.0000,0.0000,0.0000,default
1787845770922,0.0000,0.0000,0.0000,0.0000,0.0000,default
1787845771005,0.0000,0.0000,0.0000,0.0000,0.0000,default
1787845771089,0.0000,0.0000,0.0000,0.0000,0.0000,default
1787845771172,0.0000,0.0000,0.0000,0.0000,0.0000,default
1787845771255,0.0000,0.0000,0.0000,0.0000,0.0000,default
1787845771347,0.0000,0.0000,0.0000,0.0000,0.0000,default
1787845771422,0.0000,0.0000,0.0000,0.0000,0.0000,default
1787845771504,0.0000,0.0000,0.0000,0.0000,0.0000,default
1787845771589,0.0000,0.0000,0.0000,0.0000,0.0000,default
1787845771673,0.0000,0.0000,0.0000,0.0000,0.0000,default
1787845771755,0.0000,0.0000,0.0000,0.0000,0.0000,default
1787845771804,0.0000,0.0000,0.0000,0.0000,0.0000,default
1787845771880,0.0000,0.0000,0.0000,0.0000,0.0000,default
1787845771966,0.0000,0.0000,0.0000,0.0000,0.0000,default
1787845772047,0.0000,0.0000,0.0000,0.0000,0.0000,default
1787845772130,0.0000,0.0000,0.0000,0.0000,0.0000,default
1787845772212,0.0000,0.0000,0.0000,0.0000,0.0000,default
1787845772296,0.0000,0.0000,0.0000,0.0000,0.0000,default
1787845772379,0.0000,0.0000,0.0000,0.0000,0.0000,default
1787845772462,0.0000,0.0000,0.0000,0.0000,0.0000,default
1787845772546,0.0000,0.0000,0.0000,0.0000,0.0000,default
1787845772630,0.0000,0.0000,0.0000,0.0000,0.0000,default
1787845772712,0.0000,0.0000,0.0000,0.0000,0.0000,default
1787845772795,0.0000,0.0000,0.0000,0.0000,0.0000,default
1787845772879,0.0000,0.0000,0.0000,0.0000,0.0000,default
1787845772963,0.0000,0.0000,0.0000,0.0000,0.0000,default
1787845773046,0.0000,0.0000,0.0000,0.0000,0.0000,default
1787845773128,0.0000,0.0000,0.0000,0.0000,0.0000,default
1787845773213,0.0000,0.0000,0.0000,0.0000,0.0000,default
1787845773297,0.0000,0.0000,0.0000,0.0000,0.0000,default
1787845773379,0.0000,0.0000,0.0000,0.0000,0.0000,default
1787845773462,0.0000,0.0000,0.0000,0.0000,0.0000,default
1787845773547,0.0000,0.0000,0.0000,0.0000,0.0000,default
1787845773628,0.0000,0.0000,0.0000,0.0000,0.0000,default
1787845773712,0.0000,0.0000,0.0000,0.0000,0.0000,default
1787845773796,0.0000,0.0000,0.0000,0.0000,0.0000,default
1787845773879,0.0000,0.0000,0.0000,0.0000,0.0000,default
1787845773972,0.0000,0.0000,0.0000,0.0000,0.0000,default
1787845774045,0.0000,0.0000,0.0000,0.0000,0.0000,default
1787845774129,0.0000,0.0000,0.0000,0.0000,0.0000,default
1787845774212,0.0000,0.0000,0.0000,0.0000,0.0000,default
1787845774296,0.0000,0.0000,0.0000,0.0000,0.0000,default
1787845774379,0.0000,0.0000,0.0000,0.0000,0.0000,default
1787845774463,0.0000,0.0000,0.0000,0.0000,0.0000,default
1787845774546,0.0000,0.0000,0.0000,0.0000,0.0000,default
1787845774628,0.0000,0.0000,0.0000,0.0000,0.0000,default
1787845774712,0.0000,0.0000,0.0000,0.0000,0.0000,default
1787845774794,0.0000,0.0000,0.0000,0.0000,0.0000,default
1787845774879,0.0000,0.0000,0.0000,0.0000,0.0000,default
1787845774962,0.0000,0.0000,0.0000,0.0000,0.0000,default
1787845775046,0.0000,0.0000,0.0000,0.0000,0.0000,default
1787845775127,0.0000,0.0000,0.0000,0.0000,0.0000,default
1787845775213,0.0000,0.0000,0.0000,0.0000,0.0000,default
1787845775296,0.0000,0.0000,0.0000,0.0000,0.0000,default
1787845775380,0.0000,0.0000,0.0000,0.0000,0.0000,default
1787845775463,0.0000,0.0000,0.0000,0.0000,0.0000,default
1787845775514,0.0000,0.0000,0.0000,0.0000,0.0000,default
1787845775587,0.0000,0.0000,0.0000,0.0000,0.0000,default
1787845775672,0.0000,0.0000,0.0000,0.0000,0.0000,default
1787845775753,0.0000,0.0000,0.0000,0.0000,0.0000,default
1787845775839,0.0000,0.0000,0.0000,0.0000,0.0000,default
1787845775921,0.0000,0.0000,0.0000,0.0000,0.0000,default
1787845776005,0.0000,0.0000,0.0000,0.0000,0.0000,default
1787845776088,0.0000,0.0000,0.0000,0.0000,0.0000,default
1787845776171,0.0000,0.0000,0.0000,0.0000,0.0000,default
1787845776254,0.0000,0.0000,0.0000,0.0000,0.0000,default
1787845776335,0.0000,0.0000,0.0000,0.0000,0.0000,default
1787845776419,0.0000,0.0000,0.0000,0.0000,0.0000,default
1787845776503,0.0000,0.0000,0.0000,0.0000,0.0000,default
1787845776590,0.0000,0.0000,0.0000,0.0000,0.0000,default
1787845776670,0.0000,0.0000,0.0000,0.0000,0.0000,default
1787845776752,0.0000,0.0000,0.0000,0.0000,0.0000,default
1787845776838,0.0000,0.0000,0.0000,0.0000,0.0000,default
1787845776919,0.0000,0.0000,0.0000,0.0000,0.0000,default
1787845777004,0.0000,0.0000,0.0000,0.0000,0.0000,default
1787845777088,0.0000,0.0000,0.0000,0.0000,0.0000,default
1787845777171,0.0000,0.0000,0.0000,0.0000,0.0000,default
1787845777254,0.0000,0.0000,0.0000,0.0000,0.0000,default
1787845777339,0.0000,0.0000,0.0000,0.0000,0.0000,default
1787845777420,0.0000,0.0000,0.0000,0.0000,0.0000,default
1787845777505,0.0000,0.0000,0.0000,0.0000,0.0000,default
1787845777588,0.0000,0.0000,0.0000,0.0000,0.0000,default
1787845777638,0.0000,0.0000,0.0000,0.0000,0.0000,default
1787845777712,0.0000,0.0000,0.0000,0.0000,0.0000,default
1787845777796,0.0000,0.0000,0.0000,0.0000,0.0000,default
1787845777878,0.0000,0.0000,0.0000,0.0000,0.0000,default
1787845777962,0.0000,0.0000,0.0000,0.0000,0.0000,default
1787845778045,0.0000,0.0000,0.0000,0.0000,0.0000,default
1787845778096,0.0000,0.0000,0.0000,0.0000,0.0000,default
1787845778172,0.0000,0.0000,0.0000,0.0000,0.0000,default
1787845778253,0.0000,0.0000,0.0000,0.0000,0.0000,default
1787845778338,0.0000,0.0000,0.0000,0.0000,0.0000,default
1787845778420,0.0000,0.0000,0.0000,0.0000,0.0000,default
1787845778504,0.0000,0.0000,0.0000,0.0000,0.0000,default
1787845778588,0.0000,0.0000,0.0000,0.0000,0.0000,default
1787845778671,0.0000,0.0000,0.0000,0.0000,0.0000,default
1787845778753,0.0000,0.0000,0.0000,0.0000,0.0000,default
1787845778839,0.0000,0.0000,0.0000,0.0000,0.0000,default
1787845778921,0.0000,0.0000,0.0000,0.0000,0.0000,default
1787845779001,0.0000,0.0000,0.0000,0.0000,0.0000,default
1787845779087,0.0000,0.0000,0.0000,0.0000,0.0000,default
1787845779170,0.0000,0.0000,0.0000,0.0000,0.0000,default
1787845779254,0.0000,0.0000,0.0000,0.0000,0.0000,default
1787845779337,0.0000,0.0000,0.0000,0.0000,0.0000,default
1787845779420,0.0000,0.0000,0.0000,0.0000,0.0000,default
1787845779504,0.0000,0.0000,0.0000,0.0000,0.0000,default
1787845779586,0.0000,0.0000,0.0000,0.0000,0.0000,default
1787845779672,0.0000,0.0000,0.0000,0.0000,0.0000,default
1787845779753,0.0000,0.0000,0.0000,0.0000,0.0000,default
1787845779837,0.0000,0.0000,0.0000,0.0000,0.0000,default
1787845779920,0.0000,0.0000,0.0000,0.0000,0.0000,default
1787845780003,0.0000,0.0000,0.0000,0.0000,0.0000,default
1787845780087,0.0000,0.0000,0.0000,0.0000,0.0000,default
1787845780170,0.0000,0.0000,0.0000,0.0000,0.0000,default
1787845780264,0.0000,0.0000,0.0000,0.0000,0.0000,default
1787845780336,0.0000,0.0000,0.0000,0.0000,0.0000,default
1787845780422,0.0000,0.0000,0.0000,0.0000,0.0000,default
1787845780517,0.0000,0.0000,0.0000,0.0000,0.0000,default
1787845780586,0.0000,0.0000,0.0000,0.0000,0.0000,default
1787845780670,0.0000,0.0000,0.0000,0.0000,0.0000,default
1787845780753,0.0000,0.0000,0.0000,0.0000,0.0000,default
1787845780835,0.0000,0.0000,0.0000,0.0000,0.0000,default
1787845780920,0.0000,0.0000,0.0000,0.0000,0.0000,default
1787845781003,0.0000,0.0000,0.0000,0.0000,0.0000,default
1787845781086,0.0000,0.0000,0.0000,0.0000,0.0000,default
1787845781170,0.0000,0.0000,0.0000,0.0000,0.0000,default
1787845781253,0.0000,0.0000,0.0000,0.0000,0.0000,default
1787845781337,0.0000,0.0000,0.0000,0.0000,0.0000,default
1787845781421,0.0000,0.0000,0.0000,0.0000,0.0000,default
1787845781504,0.0000,0.0000,0.0000,0.0000,0.0000,default
1787845781589,0.0000,0.0000,0.0000,0.0000,0.0000,default
1787845781670,0.0000,0.0000,0.0000,0.0000,0.0000,default
1787845781754,0.0000,0.0000,0.0000,0.0000,0.0000,default
1787845781837,0.0000,0.0000,0.0000,0.0000,0.0000,default
1787845781919,0.0000,0.0000,0.0000,0.0000,0.0000,default
1787845782002,0.0000,0.0000,0.0000,0.0000,0.0000,default
1787845782086,0.0000,0.0000,0.0000,0.0000,0.0000,default
1787845782170,0.0000,0.0000,0.0000,0.0000,0.0000,default
1787845782252,0.0000,0.0000,0.0000,0.0000,0.0000,default
1787845782337,0.0000,0.0000,0.0000,0.0000,0.0000,default
1787845782421,0.0000,0.0000,0.0000,0.0000,0.0000,default
1787845782503,0.0000,0.0000,0.0000,0.0000,0.0000,default
1787845782586,0.0000,0.0000,0.0000,0.0000,0.0000,default
1787845782670,0.0000,0.0000,0.0000,0.0000,0.0000,default
1787845782753,0.0000,0.0000,0.0000,0.0000,0.0000,default
1787845782837,0.0000,0.0000,0.0000,0.0000,0.0000,default
1787845782922,0.0000,0.0000,0.0000,0.0000,0.0000,default
1787845783002,0.0000,0.0000,0.0000,0.0000,0.0000,default
1787845783086,0.0000,0.0000,0.0000,0.0000,0.0000,default
1787845783170,0.0000,0.0000,0.0000,0.0000,0.0000,default
1787845783254,0.0000,0.0000,0.0000,0.0000,0.0000,default
1787845783340,0.0000,0.0000,0.0000,0.0000,0.0000,default
1787845783420,0.0000,0.0000,0.0000,0.0000,0.0000,default
1787845783503,0.0000,0.0000,0.0000,0.0000,0.0000,default
1787845783585,0.0000,0.0000,0.0000,0.0000,0.0000,default
1787845783670,0.0000,0.0000,0.0000,0.0000,0.0000,default
1787845783752,0.0000,0.0000,0.0000,0.0000,0.0000,default
1787845783835,0.0000,0.0000,0.0000,0.0000,0.0000,default
1787845783928,0.0000,0.0000,0.0000,0.0000,0.0000,default
1787845784001,0.0000,0.0000,0.0000,0.0000,0.0000,default
1787845784086,0.0000,0.0000,0.0000,0.0000,0.0000,default
1787845784170,0.0000,0.0000,0.0000,0.0000,0.0000,default
1787845784252,0.0000,0.0000,0.0000,0.0000,0.0000,default
1787845784337,0.0000,0.0000,0.0000,0.0000,0.0000,default
1787845784387,0.0000,0.0000,0.0000,0.0000,0.0000,default
1787845784461,0.0000,0.0000,0.0000,0.0000,0.0000,default
1787845784544,0.0000,0.0000,0.0000,0.0000,0.0000,default
1787845784627,0.0000,0.0000,0.0000,0.0000,0.0000,default
1787845784710,0.0000,0.0000,0.0000,0.0000,0.0000,default
1787845784794,0.0000,0.0000,0.0000,0.0000,0.0000,default
1787845784880,0.0000,0.0000,0.0000,0.0000,0.0000,default
1787845784961,0.0000,0.0000,0.0000,0.0000,0.0000,default
1787845785045,0.0000,0.0000,0.0000,0.0000,0.0000,default
1787845785128,0.0000,0.0000,0.0000,0.0000,0.0000,default
1787845785210,0.0000,0.0000,0.0000,0.0000,0.0000,default
1787845785294,0.0000,0.0000,0.0000,0.0000,0.0000,default
1787845785380,0.0000,0.0000,0.0000,0.0000,0.0000,default
1787845785461,0.0000,0.0000,0.0000,0.0000,0.0000,default
1787845785515,0.0000,0.0000,0.0000,0.0000,0.0000,default
1787845785584,0.0000,0.0000,0.0000,0.0000,0.0000,default
1787845785669,0.0000,0.0000,0.0000,0.0000,0.0000,default
1787845785752,0.0000,0.0000,0.0000,0.0000,0.0000,default
1787845785835,0.0000,0.0000,0.0000,0.0000,0.0000,default
1787845785919,0.0000,0.0000,0.0000,0.0000,0.0000,default
1787845786003,0.0000,0.0000,0.0000,0.0000,0.0000,default
1787845786085,0.0000,0.0000,0.0000,0.0000,0.0000,default
1787845786169,0.0000,0.0000,0.0000,0.0000,0.0000,default
1787845786253,0.0000,0.0000,0.0000,0.0000,0.0000,default
1787845786335,0.0000,0.0000,0.0000,0.0000,0.0000,default
1787845786420,0.0000,0.0000,0.0000,0.0000,0.0000,default
1787845786502,0.0000,0.0000,0.0000,0.0000,0.0000,default
1787845786549,0.0000,0.0000,0.0000,0.0000,0.0000,default
1787845786623,0.0000,0.0000,0.0000,0.0000,0.0000,default
1787845786709,0.0000,0.0000,0.0000,0.0000,0.0000,default
1787845786794,0.0000,0.0000,0.0000,0.0000,0.0000,default
1787845786877,0.0000,0.0000,0.0000,0.0000,0.0000,default
1787845786961,0.0000,0.0000,0.0000,0.0000,0.0000,default
1787845787011,0.0000,0.0000,0.0000,0.0000,0.0000,default
1787845787086,0.0000,0.0000,0.0000,0.0000,0.0000,default
1787845787168,0.0000,0.0000,0.0000,0.0000,0.0000,default
1787845787252,0.0000,0.0000,0.0000,0.0000,0.0000,default
1787845787335,0.0000,0.0000,0.0000,0.0000,0.0000,default
1787845787419,0.0000,0.0000,0.0000,0.0000,0.0000,default
1787845787501,0.0000,0.0000,0.0000,0.0000,0.0000,default
1787845787586,0.0000,0.0000,0.0000,0.0000,0.0000,default
1787845787668,0.0000,0.0000,0.0000,0.0000,0.0000,default
1787845787752,0.0000,0.0000,0.0000,0.0000,0.0000,default
1787845787835,0.0000,0.0000,0.0000,0.0000,0.0000,default
1787845787918,0.0000,0.0000,0.0000,0.0000,0.0000,default
1787845788003,0.0000,0.0000,0.0000,0.0000,0.0000,default
1787845788086,0.0000,0.0000,0.0000,0.0000,0.0000,default
1787845788170,0.0000,0.0000,0.0000,0.0000,0.0000,default
1787845788253,0.0000,0.0000,0.0000,0.0000,0.0000,default
1787845788335,0.0000,0.0000,0.0000,0.0000,0.0000,default
1787845788419,0.0000,0.0000,0.0000,0.0000,0.0000,default
1787845788502,0.0000,0.0000,0.0000,0.0000,0.0000,default
1787845788585,0.0000,0.0000,0.0000,0.0000,0.0000,default
1787845788668,0.0000,0.0000,0.0000,0.0000,0.0000,default
1787845788753,0.0000,0.0000,0.0000,0.0000,0.0000,default
1787845788836,0.0000,0.0000,0.0000,0.0000,0.0000,default
1787845788918,0.0000,0.0000,0.0000,0.0000,0.0000,default
1787845789000,0.0000,0.0000,0.0000,0.0000,0.0000,default
1787845789085,0.0000,0.0000,0.0000,0.0000,0.0000,default
1787845789173,0.0000,0.0000,0.0000,0.0000,0.0000,default
1787845789251,0.0000,0.0000,0.0000,0.0000,0.0000,default
1787845789336,0.0000,0.0000,0.0000,0.0000,0.0000,default
1787845789419,0.0000,0.0000,0.0000,0.0000,0.0000,default
1787845789501,0.0000,0.0000,0.0000,0.0000,0.0000,default
1787845789585,0.0000,0.0000,0.0000,0.0000,0.0000,default
1787845789669,0.0000,0.0000,0.0000,0.0000,0.0000,default
1787845789752,0.0000,0.0000,0.0000,0.0000,0.0000,default
1787845789835,0.0000,0.0000,0.0000,0.0000,0.0000,default
1787845789916,0.0000,0.0000,0.0000,0.0000,0.0000,default
1787845790001,0.0000,0.0000,0.0000,0.0000,0.0000,default
1787845790084,0.0000,0.0000,0.0000,0.0000,0.0000,default
1787845790170,0.0000,0.0000,0.0000,0.0000,0.0000,default
1787845790219,0.0000,0.0000,0.0000,0.0000,0.0000,default
1787845790294,0.0000,0.0000,0.0000,0.0000,0.0000,default
1787845790378,0.0000,0.0000,0.0000,0.0000,0.0000,default
1787845790459,0.0000,0.0000,0.0000,0.0000,0.0000,default
1787845790510,0.0000,0.0000,0.0000,0.0000,0.0000,default
1787845790584,0.0000,0.0000,0.0000,0.0000,0.0000,default
1787845790668,0.0000,0.0000,0.0000,0.0000,0.0000,default
1787845790750,0.0000,0.0000,0.0000,0.0000,0.0000,default
1787845790830,0.0000,0.0000,0.0000,0.0000,0.0000,default
1787845790917,0.0000,0.0000,0.0000,0.0000,0.0000,default
1787845791002,0.0000,0.0000,0.0000,0.0000,0.0000,default
1787845791084,0.0000,0.0000,0.0000,0.0000,0.0000,default
1787845791168,0.0000,0.0000,0.0000,0.0000,0.0000,default
1787845791252,0.0000,0.0000,0.0000,0.0000,0.0000,default
1787845791337,0.0000,0.0000,0.0000,0.0000,0.0000,default
1787845791419,0.0000,0.0000,0.0000,0.0000,0.0000,default
1787845791501,0.0000,0.0000,0.0000,0.0000,0.0000,default
1787845791585,0.0000,0.0000,0.0000,0.0000,0.0000,default
1787845791667,0.0000,0.0000,0.0000,0.0000,0.0000,default
1787845791751,0.0000,0.0000,0.0000,0.0000,0.0000,default
1787845791835,0.0000,0.0000,0.0000,0.0000,0.0000,default
1787845791915,0.0000,0.0000,0.0000,0.0000,0.0000,default
1787845792001,0.0000,0.0000,0.0000,0.0000,0.0000,default
1787845792085,0.0000,0.0000,0.0000,0.0000,0.0000,default
1787845792169,0.0000,0.0000,0.0000,0.0000,0.0000,default
1787845792251,0.0000,0.0000,0.0000,0.0000,0.0000,default
1787845792335,0.0000,0.0000,0.0000,0.0000,0.0000,default
1787845792417,0.0000,0.0000,0.0000,0.0000,0.0000,default
1787845792500,0.0000,0.0000,0.0000,0.0000,0.0000,default
1787845792584,0.0000,0.0000,0.0000,0.0000,0.0000,default
1787845792668,0.0000,0.0000,0.0000,0.0000,0.0000,default
1787845792751,0.0000,0.0000,0.0000,0.0000,0.0000,default
1787845792841,0.0000,0.0000,0.0000,0.0000,0.0000,default
1787845792917,0.0000,0.0000,0.0000,0.0000,0.0000,default
1787845793003,0.0000,0.0000,0.0000,0.0000,0.0000,default
1787845793084,0.0000,0.0000,0.0000,0.0000,0.0000,default
1787845793168,0.0000,0.0000,0.0000,0.0000,0.0000,default
1787845793251,0.0000,0.0000,0.0000,0.0000,0.0000,default
1787845793298,0.0000,0.0000,0.0000,0.0000,0.0000,default
1787845793376,0.0000,0.0000,0.0000,0.0000,0.0000,default
1787845793459,0.0000,0.0000,0.0000,0.0000,0.0000,default
1787845793542,0.0000,0.0000,0.0000,0.0000,0.0000,default
1787845793627,0.0000,0.0000,0.0000,0.0000,0.0000,default
1787845793710,0.0000,0.0000,0.0000,0.0000,0.0000,default
1787845793794,0.0000,0.0000,0.0000,0.0000,0.0000,default
1787845793877,0.0000,0.0000,0.0000,0.0000,0.0000,default
1787845793960,0.0000,0.0000,0.0000,0.0000,0.0000,default
1787845794043,0.0000,0.0000,0.0000,0.0000,0.0000,default
1787845794127,0.0000,0.0000,0.0000,0.0000,0.0000,default
1787845794210,0.0000,0.0000,0.0000,0.0000,0.0000,default
1787845794294,0.0000,0.0000,0.0000,0.0000,0.0000,default
1787845794376,0.0000,0.0000,0.0000,0.0000,0.0000,default
1787845794459,0.0000,0.0000,0.0000,0.0000,0.0000,default
1787845794543,0.0000,0.0000,0.0000,0.0000,0.0000,default
1787845794627,0.0000,0.0000,0.0000,0.0000,0.0000,default
1787845794710,0.0000,0.0000,0.0000,0.0000,0.0000,default
1787845794794,0.0000,0.0000,0.0000,0.0000,0.0000,default
1787845794876,0.0000,0.0000,0.0000,0.0000,0.0000,default
1787845794960,0.0000,0.0000,0.0000,0.0000,0.0000,default
1787845795043,0.0000,0.0000,0.0000,0.0000,0.0000,default
1787845795125,0.0000,0.0000,0.0000,0.0000,0.0000,default
1787845795209,0.0000,0.0000,0.0000,0.0000,0.0000,default
1787845795292,0.0000,0.0000,0.0000,0.0000,0.0000,default
1787845795376,0.0000,0.0000,0.0000,0.0000,0.0000,default
1787845795462,0.0000,0.0000,0.0000,0.0000,0.0000,default
1787845795516,0.0000,0.0000,0.0000,0.0000,0.0000,default
1787845795583,0.0000,0.0000,0.0000,0.0000,0.0000,default
1787845795666,0.0000,0.0000,0.0000,0.0000,0.0000,default
1787845795750,0.0000,0.0000,0.0000,0.0000,0.0000,default
1787845795804,0.0000,0.0000,0.0000,0.0000,0.0000,default
1787845795876,0.0000,0.0000,0.0000,0.0000,0.0000,default
1787845795961,0.0000,0.0000,0.0000,0.0000,0.0000,default
1787845796042,0.0000,0.0000,0.0000,0.0000,0.0000,default
1787845796128,0.0000,0.0000,0.0000,0.0000,0.0000,default
1787845796168,0.0000,0.0000,0.0000,0.0000,0.0000,default
1787845796251,0.0000,0.0000,0.0000,0.0000,0.0000,default
1787845796336,0.0000,0.0000,0.0000,0.0000,0.0000,default
1787845796419,0.0000,0.0000,0.0000,0.0000,0.0000,default
1787845796500,0.0000,0.0000,0.0000,0.0000,0.0000,default
1787845796585,0.0000,0.0000,0.0000,0.0000,0.0000,default
1787845796670,0.0000,0.0000,0.0000,0.0000,0.0000,default
1787845796750,0.0000,0.0000,0.0000,0.0000,0.0000,default
1787845796835,0.0000,0.0000,0.0000,0.0000,0.0000,default
1787845796918,0.0000,0.0000,0.0000,0.0000,0.0000,default
1787845797002,0.0000,0.0000,0.0000,0.0000,0.0000,default
1787845797084,0.0000,0.0000,0.0000,0.0000,0.0000,default
1787845797167,0.0000,0.0000,0.0000,0.0000,0.0000,default
1787845797250,0.0000,0.0000,0.0000,0.0000,0.0000,default
1787845797330,0.0000,0.0000,0.0000,0.0000,0.0000,default
1787845797412,0.0000,0.0000,0.0000,0.0000,0.0000,default
1787845797497,0.0000,0.0000,0.0000,0.0000,0.0000,default
1787845797585,0.0000,0.0000,0.0000,0.0000,0.0000,default
1787845797668,0.0000,0.0000,0.0000,0.0000,0.0000,default
1787845797752,0.0000,0.0000,0.0000,0.0000,0.0000,default
1787845797834,0.0000,0.0000,0.0000,0.0000,0.0000,default
1787845797918,0.0000,0.0000,0.0000,0.0000,0.0000,default
1787845798000,0.0000,0.0000,0.0000,0.0000,0.0000,default
1787845798084,0.0000,0.0000,0.0000,0.0000,0.0000,default
1787845798125,0.0000,0.0000,0.0000,0.0000,0.0000,default
1787845798209,0.0000,0.0000,0.0000,0.0000,0.0000,default
1787845798292,0.0000,0.0000,0.0000,0.0000,0.0000,default
1787845798376,0.0000,0.0000,0.0000,0.0000,0.0000,default
1787845798417,0.0000,0.0000,0.0000,0.0000,0.0000,default
1787845798501,0.0000,0.0000,0.0000,0.0000,0.0000,default
1787845798585,0.0000,0.0000,0.0000,0.0000,0.0000,default
1787845798668,0.0000,0.0000,0.0000,0.0000,0.0000,default
1787845798751,0.0000,0.0000,0.0000,0.0000,0.0000,default
1787845798835,0.0000,0.0000,0.0000,0.0000,0.0000,default
1787845798917,0.0000,0.0000,0.0000,0.0000,0.0000,default
1787845799002,0.0000,0.0000,0.0000,0.0000,0.0000,default
1787845799084,0.0000,0.0000,0.0000,0.0000,0.0000,default
1787845799134,0.0000,0.0000,0.0000,0.0000,0.0000,default
1787845799209,0.0000,0.0000,0.0000,0.0000,0.0000,default
1787845799291,0.0000,0.0000,0.0000,0.0000,0.0000,default
1787845799375,0.0000,0.0000,0.0000,0.0000,0.0000,default
1787845799459,0.0000,0.0000,0.0000,0.0000,0.0000,default
1787845799542,0.0000,0.0000,0.0000,0.0000,0.0000,default
1787845799625,0.0000,0.0000,0.0000,0.0000,0.0000,default
1787845799708,0.0000,0.0000,0.0000,0.0000,0.0000,default
1787845799792,0.0000,0.0000,0.0000,0.0000,0.0000,default
1787845799875,0.0000,0.0000,0.0000,0.0000,0.0000,default
1787845799959,0.0000,0.0000,0.0000,0.0000,0.0000,default
1787845800041,0.0000,0.0000,0.0000,0.0000,0.0000,default
1787845800125,0.0000,0.0000,0.0000,0.0000,0.0000,default
1787845800209,0.0000,0.0000,0.0000,0.0000,0.0000,default
1787845800291,0.0000,0.0000,0.0000,0.0000,0.0000,default
1787845800375,0.0000,0.0000,0.0000,0.0000,0.0000,default
1787845800460,0.0000,0.0000,0.0000,0.0000,0.0000,default
1787845800514,0.0000,0.0000,0.0000,0.0000,0.0000,default
1787845800584,0.0000,0.0000,0.0000,0.0000,0.0000,default
1787845800666,0.0000,0.0000,0.0000,0.0000,0.0000,default
1787845800748,0.0000,0.0000,0.0000,0.0000,0.0000,default
1787845800834,0.0000,0.0000,0.0000,0.0000,0.0000,default
1787845800917,0.0000,0.0000,0.0000,0.0000,0.0000,default
1787845800999,0.0000,0.0000,0.0000,0.0000,0.0000,default
1787845801084,0.0000,0.0000,0.0000,0.0000,0.0000,default
1787845801167,0.0000,0.0000,0.0000,0.0000,0.0000,default
1787845801252,0.0000,0.0000,0.0000,0.0000,0.0000,default
1787845801333,0.0000,0.0000,0.0000,0.0000,0.0000,default
1787845801417,0.0000,0.0000,0.0000,0.0000,0.0000,default
1787845801502,0.0000,0.0000,0.0000,0.0000,0.0000,default
1787845801582,0.0000,0.0000,0.0000,0.0000,0.0000,default
1787845801668,0.0000,0.0000,0.0000,0.0000,0.0000,default
1787845801756,0.0000,0.0000,0.0000,0.0000,0.0000,default
1787845801835,0.0000,0.0000,0.0000,0.0000,0.0000,default
1787845801916,0.0000,0.0000,0.0000,0.0000,0.0000,default
1787845802001,0.0000,0.0000,0.0000,0.0000,0.0000,default
1787845802084,0.0000,0.0000,0.0000,0.0000,0.0000,default
1787845802166,0.0000,0.0000,0.0000,0.0000,0.0000,default
1787845802251,0.0000,0.0000,0.0000,0.0000,0.0000,default
1787845802333,0.0000,0.0000,0.0000,0.0000,0.0000,default
1787845802416,0.0000,0.0000,0.0000,0.0000,0.0000,default
1787845802499,0.0000,0.0000,0.0000,0.0000,0.0000,default
1787845802584,0.0000,0.0000,0.0000,0.0000,0.0000,default
1787845802667,0.0000,0.0000,0.0000,0.0000,0.0000,default
1787845802750,0.0000,0.0000,0.0000,0.0000,0.0000,default
1787845802835,0.0000,0.0000,0.0000,0.0000,0.0000,default
1787845802917,0.0000,0.0000,0.0000,0.0000,0.0000,default
1787845803000,0.0000,0.0000,0.0000,0.0000,0.0000,default
1787845803083,0.0000,0.0000,0.0000,0.0000,0.0000,default
1787845803166,0.0000,0.0000,0.0000,0.0000,0.0000,default
1787845803250,0.0000,0.0000,0.0000,0.0000,0.0000,default
1787845803333,0.0000,0.0000,0.0000,0.0000,0.0000,default
1787845803417,0.0000,0.0000,0.0000,0.0000,0.0000,default
1787845803504,0.0000,0.0000,0.0000,0.0000,0.0000,default
1787845803583,0.0000,0.0000,0.0000,0.0000,0.0000,default
1787845803667,0.0000,0.0000,0.0000,0.0000,0.0000,default
1787845803751,0.0000,0.0000,0.0000,0.0000,0.0000,default
1787845803833,0.0000,0.0000,0.0000,0.0000,0.0000,default
1787845803916,0.0000,0.0000,0.0000,0.0000,0.0000,default
1787845803999,0.0000,0.0000,0.0000,0.0000,0.0000,default
1787845804083,0.0000,0.0000,0.0000,0.0000,0.0000,default
1787845804167,0.0000,0.0000,0.0000,0.0000,0.0000,default
1787845804250,0.0000,0.0000,0.0000,0.0000,0.0000,default
1787845804333,0.0000,0.0000,0.0000,0.0000,0.0000,default
1787845804418,0.0000,0.0000,0.0000,0.0000,0.0000,default
1787845804501,0.0000,0.0000,0.0000,0.0000,0.0000,default
1787845804584,0.0000,0.0000,0.0000,0.0000,0.0000,default
1787845804666,0.0000,0.0000,0.0000,0.0000,0.0000,default
1787845804750,0.0000,0.0000,0.0000,0.0000,0.0000,default
1787845804833,0.0000,0.0000,0.0000,0.0000,0.0000,default
1787845804917,0.0000,0.0000,0.0000,0.0000,0.0000,default
1787845805000,0.0000,0.0000,0.0000,0.0000,0.0000,default
1787845805084,0.0000,0.0000,0.0000,0.0000,0.0000,default
1787845805167,0.0000,0.0000,0.0000,0.0000,0.0000,default
1787845805250,0.0000,0.0000,0.0000,0.0000,0.0000,default
1787845805335,0.0000,0.0000,0.0000,0.0000,0.0000,default
1787845805425,0.0000,0.0000,0.0000,0.0000,0.0000,default
1787845805520,0.0000,0.0000,0.0000,0.0000,0.0000,default
1787845805582,0.0000,0.0000,0.0000,0.0000,0.0000,default
1787845805665,0.0000,0.0000,0.0000,0.0000,0.0000,default
1787845805750,0.0000,0.0000,0.0000,0.0000,0.0000,default
1787845805833,0.0000,0.0000,0.0000,0.0000,0.0000,default
1787845805916,0.0000,0.0000,0.0000,0.0000,0.0000,default
1787845805999,0.0000,0.0000,0.0000,0.0000,0.0000,default
1787845806083,0.0000,0.0000,0.0000,0.0000,0.0000,default
1787845806166,0.0000,0.0000,0.0000,0.0000,0.0000,default
1787845806250,0.0000,0.0000,0.0000,0.0000,0.0000,default
1787845806332,0.0000,0.0000,0.0000,0.0000,0.0000,default
1787845806417,0.0000,0.0000,0.0000,0.0000,0.0000,default
1787845806499,0.0000,0.0000,0.0000,0.0000,0.0000,default
1787845806581,0.0000,0.0000,0.0000,0.0000,0.0000,default
1787845806666,0.0000,0.0000,0.0000,0.0000,0.0000,default
1787845806751,0.0000,0.0000,0.0000,0.0000,0.0000,default
1787845806833,0.0000,0.0000,0.0000,0.0000,0.0000,default
1787845806917,0.0000,0.0000,0.0000,0.0000,0.0000,default
1787845807000,0.0000,0.0000,0.0000,0.0000,0.0000,default
1787845807040,0.0000,0.0000,0.0000,0.0000,0.0000,default
1787845807125,0.0000,0.0000,0.0000,0.0000,0.0000,default
1787845807208,0.0000,0.0000,0.0000,0.0000,0.0000,default
1787845807292,0.0000,0.0000,0.0000,0.0000,0.0000,default
1787845807374,0.0000,0.0000,0.0000,0.0000,0.0000,default
1787845807458,0.0000,0.0000,0.0000,0.0000,0.0000,default
1787845807542,0.0000,0.0000,0.0000,0.0000,0.0000,default
1787845807625,0.0000,0.0000,0.0000,0.0000,0.0000,default
1787845807708,0.0000,0.0000,0.0000,0.0000,0.0000,default
1787845807791,0.0000,0.0000,0.0000,0.0000,0.0000,default
1787845807875,0.0000,0.0000,0.0000,0.0000,0.0000,default
1787845807958,0.0000,0.0000,0.0000,0.0000,0.0000,default
1787845808047,0.0000,0.0000,0.0000,0.0000,0.0000,default
1787845808126,0.0000,0.0000,0.0000,0.0000,0.0000,default
1787845808208,0.0000,0.0000,0.0000,0.0000,0.0000,default
1787845808292,0.0000,0.0000,0.0000,0.0000,0.0000,default
1787845808375,0.0000,0.0000,0.0000,0.0000,0.0000,default
1787845808458,0.0000,0.0000,0.0000,0.0000,0.0000,default
1787845808542,0.0000,0.0000,0.0000,0.0000,0.0000,default
1787845808625,0.0000,0.0000,0.0000,0.0000,0.0000,default
1787845808709,0.0000,0.0000,0.0000,0.0000,0.0000,default
1787845808792,0.0000,0.0000,0.0000,0.0000,0.0000,default
1787845808875,0.0000,0.0000,0.0000,0.0000,0.0000,default
1787845808958,0.0000,0.0000,0.0000,0.0000,0.0000,default
1787845809041,0.0000,0.0000,0.0000,0.0000,0.0000,default
1787845809093,0.0000,0.0000,0.0000,0.0000,0.0000,default
1787845809166,0.0000,0.0000,0.0000,0.0000,0.0000,default
1787845809249,0.0000,0.0000,0.0000,0.0000,0.0000,default
1787845809334,0.0000,0.0000,0.0000,0.0000,0.0000,default
1787845809415,0.0000,0.0000,0.0000,0.0000,0.0000,default
1787845809500,0.0000,0.0000,0.0000,0.0000,0.0000,default
1787845809582,0.0000,0.0000,0.0000,0.0000,0.0000,default
1787845809667,0.0000,0.0000,0.0000,0.0000,0.0000,default
1787845809751,0.0000,0.0000,0.0000,0.0000,0.0000,default
1787845809832,0.0000,0.0000,0.0000,0.0000,0.0000,default
1787845809916,0.0000,0.0000,0.0000,0.0000,0.0000,default
1787845809999,0.0000,0.0000,0.0000,0.0000,0.0000,default
1787845810083,0.0000,0.0000,0.0000,0.0000,0.0000,default
1787845810166,0.0000,0.0000,0.0000,0.0000,0.0000,default
1787845810248,0.0000,0.0000,0.0000,0.0000,0.0000,default
1787845810332,0.0000,0.0000,0.0000,0.0000,0.0000,default
1787845810414,0.0000,0.0000,0.0000,0.0000,0.0000,default
1787845810516,0.0000,0.0000,0.0000,0.0000,0.0000,default
1787845810582,0.0000,0.0000,0.0000,0.0000,0.0000,default
1787845810666,0.0000,0.0000,0.0000,0.0000,0.0000,default
1787845810749,0.0000,0.0000,0.0000,0.0000,0.0000,default
1787845810832,0.0000,0.0000,0.0000,0.0000,0.0000,default
1787845810916,0.0000,0.0000,0.0000,0.0000,0.0000,default
1787845810999,0.0000,0.0000,0.0000,0.0000,0.0000,default
1787845811083,0.0000,0.0000,0.0000,0.0000,0.0000,default
1787845811166,0.0000,0.0000,0.0000,0.0000,0.0000,default
1787845811249,0.0000,0.0000,0.0000,0.0000,0.0000,default
1787845811334,0.0000,0.0000,0.0000,0.0000,0.0000,default
1787845811416,0.0000,0.0000,0.0000,0.0000,0.0000,default
1787845811499,0.0000,0.0000,0.0000,0.0000,0.0000,default
1787845811583,0.0000,0.0000,0.0000,0.0000,0.0000,default
1787845811666,0.0000,0.0000,0.0000,0.0000,0.0000,default
1787845811716,0.0000,0.0000,0.0000,0.0000,0.0000,default
1787845811792,0.0000,0.0000,0.0000,0.0000,0.0000,default
1787845811875,0.0000,0.0000,0.0000,0.0000,0.0000,default
1787845811958,0.0000,0.0000,0.0000,0.0000,0.0000,default
1787845812042,0.0000,0.0000,0.0000,0.0000,0.0000,default
1787845812125,0.0000,0.0000,0.0000,0.0000,0.0000,default
1787845812208,0.0000,0.0000,0.0000,0.0000,0.0000,default
1787845812291,0.0000,0.0000,0.0000,0.0000,0.0000,default
1787845812374,0.0000,0.0000,0.0000,0.0000,0.0000,default
1787845812458,0.0000,0.0000,0.0000,0.0000,0.0000,default
1787845812542,0.0000,0.0000,0.0000,0.0000,0.0000,default
1787845812624,0.0000,0.0000,0.0000,0.0000,0.0000,default
1787845812706,0.0000,0.0000,0.0000,0.0000,0.0000,default
1787845812790,0.0000,0.0000,0.0000,0.0000,0.0000,default
1787845812874,0.0000,0.0000,0.0000,0.0000,0.0000,default
1787845812958,0.0000,0.0000,0.0000,0.0000,0.0000,default
1787845813041,0.0000,0.0000,0.0000,0.0000,0.0000,default
1787845813123,0.0000,0.0000,0.0000,0.0000,0.0000,default
1787845813207,0.0000,0.0000,0.0000,0.0000,0.0000,default
1787845813291,0.0000,0.0000,0.0000,0.0000,0.0000,default
1787845813374,0.0000,0.0000,0.0000,0.0000,0.0000,default
1787845813457,0.0000,0.0000,0.0000,0.0000,0.0000,default
1787845813540,0.0000,0.0000,0.0000,0.0000,0.0000,default
1787845813623,0.0000,0.0000,0.0000,0.0000,0.0000,default
1787845813706,0.0000,0.0000,0.0000,0.0000,0.0000,default
1787845813791,0.0000,0.0000,0.0000,0.0000,0.0000,default
1787845813875,0.0000,0.0000,0.0000,0.0000,0.0000,default
1787845813958,0.0000,0.0000,0.0000,0.0000,0.0000,default
1787845814041,0.0000,0.0000,0.0000,0.0000,0.0000,default
1787845814122,0.0000,0.0000,0.0000,0.0000,0.0000,default
1787845814207,0.0000,0.0000,0.0000,0.0000,0.0000,default
1787845814291,0.0000,0.0000,0.0000,0.0000,0.0000,default
1787845814373,0.0000,0.0000,0.0000,0.0000,0.0000,default
1787845814457,0.0000,0.0000,0.0000,0.0000,0.0000,default
1787845814540,0.0000,0.0000,0.0000,0.0000,0.0000,default
1787845814623,0.0000,0.0000,0.0000,0.0000,0.0000,default
1787845814708,0.0000,0.0000,0.0000,0.0000,0.0000,default
1787845814795,0.0000,0.0000,0.0000,0.0000,0.0000,default
1787845814874,0.0000,0.0000,0.0000,0.0000,0.0000,default
1787845814957,0.0000,0.0000,0.0000,0.0000,0.0000,default
1787845815040,0.0000,0.0000,0.0000,0.0000,0.0000,default
1787845815123,0.0000,0.0000,0.0000,0.0000,0.0000,default
1787845815206,0.0000,0.0000,0.0000,0.0000,0.0000,default
1787845815290,0.0000,0.0000,0.0000,0.0000,0.0000,default
1787845815374,0.0000,0.0000,0.0000,0.0000,0.0000,default
1787845815457,0.0000,0.0000,0.0000,0.0000,0.0000,default
1787845815515,0.0000,0.0000,0.0000,0.0000,0.0000,default
1787845815582,0.0000,0.0000,0.0000,0.0000,0.0000,default
1787845815664,0.0000,0.0000,0.0000,0.0000,0.0000,default
1787845815751,0.0000,0.0000,0.0000,0.0000,0.0000,default
1787845815832,0.0000,0.0000,0.0000,0.0000,0.0000,default
1787845815915,0.0000,0.0000,0.0000,0.0000,0.0000,default
1787845815998,0.0000,0.0000,0.0000,0.0000,0.0000,default
1787845816083,0.0000,0.0000,0.0000,0.0000,0.0000,default
1787845816166,0.0000,0.0000,0.0000,0.0000,0.0000,default
1787845816249,0.0000,0.0000,0.0000,0.0000,0.0000,default
1787845816334,0.0000,0.0000,0.0000,0.0000,0.0000,default
1787845816415,0.0000,0.0000,0.0000,0.0000,0.0000,default
1787845816498,0.0000,0.0000,0.0000,0.0000,0.0000,default
1787845816582,0.0000,0.0000,0.0000,0.0000,0.0000,default
1787845816666,0.0000,0.0000,0.0000,0.0000,0.0000,default
1787845816748,0.0000,0.0000,0.0000,0.0000,0.0000,default
1787845816833,0.0000,0.0000,0.0000,0.0000,0.0000,default
1787845816914,0.0000,0.0000,0.0000,0.0000,0.0000,default
1787845816997,0.0000,0.0000,0.0000,0.0000,0.0000,default
1787845817082,0.0000,0.0000,0.0000,0.0000,0.0000,default
1787845817165,0.0000,0.0000,0.0000,0.0000,0.0000,default
1787845817247,0.0000,0.0000,0.0000,0.0000,0.0000,default
1787845817331,0.0000,0.0000,0.0000,0.0000,0.0000,default
1787845817415,0.0000,0.0000,0.0000,0.0000,0.0000,default
1787845817499,0.0000,0.0000,0.0000,0.0000,0.0000,default
1787845817581,0.0000,0.0000,0.0000,0.0000,0.0000,default
1787845817666,0.0000,0.0000,0.0000,0.0000,0.0000,default
1787845817748,0.0000,0.0000,0.0000,0.0000,0.0000,default
1787845817832,0.0000,0.0000,0.0000,0.0000,0.0000,default
1787845817915,0.0000,0.0000,0.0000,0.0000,0.0000,default
1787845818007,0.0000,0.0000,0.0000,0.0000,0.0000,default
1787845818083,0.0000,0.0000,0.0000,0.0000,0.0000,default
1787845818165,0.0000,0.0000,0.0000,0.0000,0.0000,default
1787845818252,0.0000,0.0000,0.0000,0.0000,0.0000,default
1787845818332,0.0000,0.0000,0.0000,0.0000,0.0000,default
1787845818416,0.0000,0.0000,0.0000,0.0000,0.0000,default
1787845818499,0.0000,0.0000,0.0000,0.0000,0.0000,default
1787845818580,0.0000,0.0000,0.0000,0.0000,0.0000,default
1787845818664,0.0000,0.0000,0.0000,0.0000,0.0000,default
1787845818749,0.0000,0.0000,0.0000,0.0000,0.0000,default
1787845818831,0.0000,0.0000,0.0000,0.0000,0.0000,default
1787845818914,0.0000,0.0000,0.0000,0.0000,0.0000,default
1787845818997,0.0000,0.0000,0.0000,0.0000,0.0000,default
1787845819082,0.0000,0.0000,0.0000,0.0000,0.0000,default
1787845819165,0.0000,0.0000,0.0000,0.0000,0.0000,default
1787845819248,0.0000,0.0000,0.0000,0.0000,0.0000,default
1787845819332,0.0000,0.0000,0.0000,0.0000,0.0000,default
1787845819413,0.0000,0.0000,0.0000,0.0000,0.0000,default
1787845819502,0.0000,0.0000,0.0000,0.0000,0.0000,default
1787845819582,0.0000,0.0000,0.0000,0.0000,0.0000,default
1787845819664,0.0000,0.0000,0.0000,0.0000,0.0000,default
1787845819748,0.0000,0.0000,0.0000,0.0000,0.0000,default
1787845819829,0.0000,0.0000,0.0000,0.0000,0.0000,default
1787845819914,0.0000,0.0000,0.0000,0.0000,0.0000,default
1787845819998,0.0000,0.0000,0.0000,0.0000,0.0000,default
1787845820082,0.0000,0.0000,0.0000,0.0000,0.0000,default
1787845820165,0.0000,0.0000,0.0000,0.0000,0.0000,default
1787845820248,0.0000,0.0000,0.0000,0.0000,0.0000,default
1787845820332,0.0000,0.0000,0.0000,0.0000,0.0000,default
1787845820414,0.0000,0.0000,0.0000,0.0000,0.0000,default
1787845820461,0.0000,0.0000,0.0000,0.0000,0.0000,default
1787845820514,0.0000,0.0000,0.0000,0.0000,0.0000,default
1787845820581,0.0000,0.0000,0.0000,0.0000,0.0000,default
1787845820629,0.0000,0.0000,0.0000,0.0000,0.0000,default
1787845820709,0.0000,0.0000,0.0000,0.0000,0.0000,default
1787845820790,0.0000,0.0000,0.0000,0.0000,0.0000,default
1787845820874,0.0000,0.0000,0.0000,0.0000,0.0000,default
1787845820956,0.0000,0.0000,0.0000,0.0000,0.0000,default
1787845821040,0.0000,0.0000,0.0000,0.0000,0.0000,default
1787845821123,0.0000,0.0000,0.0000,0.0000,0.0000,default
1787845821206,0.0000,0.0000,0.0000,0.0000,0.0000,default
1787845821289,0.0000,0.0000,0.0000,0.0000,0.0000,default
1787845821372,0.0000,0.0000,0.0000,0.0000,0.0000,default
1787845821455,0.0000,0.0000,0.0000,0.0000,0.0000,default
1787845821539,0.0000,0.0000,0.0000,0.0000,0.0000,default
1787845821623,0.0000,0.0000,0.0000,0.0000,0.0000,default
1787845821704,0.0000,0.0000,0.0000,0.0000,0.0000,default
1787845821790,0.0000,0.0000,0.0000,0.0000,0.0000,default
1787845821873,0.0000,0.0000,0.0000,0.0000,0.0000,default
1787845821955,0.0000,0.0000,0.0000,0.0000,0.0000,default
1787845822040,0.0000,0.0000,0.0000,0.0000,0.0000,default
1787845822123,0.0000,0.0000,0.0000,0.0000,0.0000,default
1787845822206,0.0000,0.0000,0.0000,0.0000,0.0000,default
1787845822290,0.0000,0.0000,0.0000,0.0000,0.0000,default
1787845822372,0.0000,0.0000,0.0000,0.0000,0.0000,default
1787845822455,0.0000,0.0000,0.0000,0.0000,0.0000,default
1787845822538,0.0000,0.0000,0.0000,0.0000,0.0000,default
1787845822623,0.0000,0.0000,0.0000,0.0000,0.0000,default
1787845822706,0.0000,0.0000,0.0000,0.0000,0.0000,default
1787845822789,0.0000,0.0000,0.0000,0.0000,0.0000,default
1787845822873,0.0000,0.0000,0.0000,0.0000,0.0000,default
1787845822956,0.0000,0.0000,0.0000,0.0000,0.0000,default
1787845823039,0.0000,0.0000,0.0000,0.0000,0.0000,default
1787845823123,0.0000,0.0000,0.0000,0.0000,0.0000,default
1787845823205,0.0000,0.0000,0.0000,0.0000,0.0000,default
1787845823290,0.0000,0.0000,0.0000,0.0000,0.0000,default
1787845823371,0.0000,0.0000,0.0000,0.0000,0.0000,default
1787845823455,0.0000,0.0000,0.0000,0.0000,0.0000,default
1787845823538,0.0000,0.0000,0.0000,0.0000,0.0000,default
1787845823622,0.0000,0.0000,0.0000,0.0000,0.0000,default
1787845823707,0.0000,0.0000,0.0000,0.0000,0.0000,default
1787845823789,0.0000,0.0000,0.0000,0.0000,0.0000,default
1787845823872,0.0000,0.0000,0.0000,0.0000,0.0000,default
1787845823955,0.0000,0.0000,0.0000,0.0000,0.0000,default
1787845824040,0.0000,0.0000,0.0000,0.0000,0.0000,default
1787845824121,0.0000,0.0000,0.0000,0.0000,0.0000,default
1787845824168,0.0000,0.0000,0.0000,0.0000,0.0000,default
1787845824253,0.0000,0.0000,0.0000,0.0000,0.0000,default
1787845824329,0.0000,0.0000,0.0000,0.0000,0.0000,default
1787845824459,0.0000,0.0000,0.0000,0.0000,0.0000,default
1787845824540,0.0000,0.0000,0.0000,0.0000,0.0000,default
1787845824625,0.0000,0.0000,0.0000,0.0000,0.0000,default
1787845824706,0.0000,0.0000,0.0000,0.0000,0.0000,default
1787845824789,0.0000,0.0000,0.0000,0.0000,0.0000,default
1787845824874,0.0000,0.0000,0.0000,0.0000,0.0000,default
1787845824957,0.0000,0.0000,0.0000,0.0000,0.0000,default
1787845825040,0.0000,0.0000,0.0000,0.0000,0.0000,default
1787845825123,0.0000,0.0000,0.0000,0.0000,0.0000,default
1787845825206,0.0000,0.0000,0.0000,0.0000,0.0000,default
1787845825289,0.0000,0.0000,0.0000,0.0000,0.0000,default
1787845825372,0.0000,0.0000,0.0000,0.0000,0.0000,default
1787845825456,0.0000,0.0000,0.0000,0.0000,0.0000,default
1787845825519,0.0000,0.0000,0.0000,0.0000,0.0000,default
1787845825580,0.0000,0.0000,0.0000,0.0000,0.0000,default
1787845825664,0.0000,0.0000,0.0000,0.0000,0.0000,default
1787845825747,0.0000,0.0000,0.0000,0.0000,0.0000,default
1787845825831,0.0000,0.0000,0.0000,0.0000,0.0000,default
1787845825914,0.0000,0.0000,0.0000,0.0000,0.0000,default
1787845825998,0.0000,0.0000,0.0000,0.0000,0.0000,default
1787845826080,0.0000,0.0000,0.0000,0.0000,0.0000,default
1787845826163,0.0000,0.0000,0.0000,0.0000,0.0000,default
1787845826246,0.0000,0.0000,0.0000,0.0000,0.0000,default
1787845826331,0.0000,0.0000,0.0000,0.0000,0.0000,default
1787845826414,0.0000,0.0000,0.0000,0.0000,0.0000,default
1787845826496,0.0000,0.0000,0.0000,0.0000,0.0000,default
1787845826580,0.0000,0.0000,0.0000,0.0000,0.0000,default
1787845826663,0.0000,0.0000,0.0000,0.0000,0.0000,default
1787845826748,0.0000,0.0000,0.0000,0.0000,0.0000,default
1787845826830,0.0000,0.0000,0.0000,0.0000,0.0000,default
1787845826920,0.0000,0.0000,0.0000,0.0000,0.0000,default
1787845826997,0.0000,0.0000,0.0000,0.0000,0.0000,default
1787845827080,0.0000,0.0000,0.0000,0.0000,0.0000,default
1787845827164,0.0000,0.0000,0.0000,0.0000,0.0000,default
1787845827246,0.0000,0.0000,0.0000,0.0000,0.0000,default
1787845827330,0.0000,0.0000,0.0000,0.0000,0.0000,default
1787845827379,0.0000,0.0000,0.0000,0.0000,0.0000,default
1787845827457,0.0000,0.0000,0.0000,0.0000,0.0000,default
1787845827539,0.0000,0.0000,0.0000,0.0000,0.0000,default
1787845827622,0.0000,0.0000,0.0000,0.0000,0.0000,default
1787845827704,0.0000,0.0000,0.0000,0.0000,0.0000,default
1787845827788,0.0000,0.0000,0.0000,0.0000,0.0000,default
1787845827873,0.0000,0.0000,0.0000,0.0000,0.0000,default
1787845827956,0.0000,0.0000,0.0000,0.0000,0.0000,default
1787845828039,0.0000,0.0000,0.0000,0.0000,0.0000,default
1787845828122,0.0000,0.0000,0.0000,0.0000,0.0000,default
1787845828206,0.0000,0.0000,0.0000,0.0000,0.0000,default
1787845828289,0.0000,0.0000,0.0000,0.0000,0.0000,default
1787845828373,0.0000,0.0000,0.0000,0.0000,0.0000,default
1787845828456,0.0000,0.0000,0.0000,0.0000,0.0000,default
1787845828539,0.0000,0.0000,0.0000,0.0000,0.0000,default
1787845828622,0.0000,0.0000,0.0000,0.0000,0.0000,default
1787845828705,0.0000,0.0000,0.0000,0.0000,0.0000,default
1787845828789,0.0000,0.0000,0.0000,0.0000,0.0000,default
1787845828873,0.0000,0.0000,0.0000,0.0000,0.0000,default
1787845828954,0.0000,0.0000,0.0000,0.0000,0.0000,default
1787845829038,0.0000,0.0000,0.0000,0.0000,0.0000,default
1787845829122,0.0000,0.0000,0.0000,0.0000,0.0000,default
1787845829207,0.0000,0.0000,0.0000,0.0000,0.0000,default
1787845829288,0.0000,0.0000,0.0000,0.0000,0.0000,default
1787845829373,0.0000,0.0000,0.0000,0.0000,0.0000,default
1787845829456,0.0000,0.0000,0.0000,0.0000,0.0000,default
1787845829541,0.0000,0.0000,0.0000,0.0000,0.0000,default
1787845829623,0.0000,0.0000,0.0000,0.0000,0.0000,default
1787845829705,0.0000,0.0000,0.0000,0.0000,0.0000,default
1787845829788,0.0000,0.0000,0.0000,0.0000,0.0000,default
1787845829872,0.0000,0.0000,0.0000,0.0000,0.0000,default
1787845829955,0.0000,0.0000,0.0000,0.0000,0.0000,default
1787845830040,0.0000,0.0000,0.0000,0.0000,0.0000,default
1787845830121,0.0000,0.0000,0.0000,0.0000,0.0000,default
1787845830204,0.0000,0.0000,0.0000,0.0000,0.0000,default
1787845830289,0.0000,0.0000,0.0000,0.0000,0.0000,default
1787845830371,0.0000,0.0000,0.0000,0.0000,0.0000,default
1787845830458,0.0000,0.0000,0.0000,0.0000,0.0000,default
1787845830538,0.0000,0.0000,0.0000,0.0000,0.0000,default
1787845830590,0.0000,0.0000,0.0000,0.0000,0.0000,default
1787845830663,0.0000,0.0000,0.0000,0.0000,0.0000,default
1787845830746,0.0000,0.0000,0.0000,0.0000,0.0000,default
1787845830829,0.0000,0.0000,0.0000,0.0000,0.0000,default
1787845830913,0.0000,0.0000,0.0000,0.0000,0.0000,default
1787845830998,0.0000,0.0000,0.0000,0.0000,0.0000,default
1787845831047,0.0000,0.0000,0.0000,0.0000,0.0000,default
1787845831121,0.0000,0.0000,0.0000,0.0000,0.0000,default
1787845831206,0.0000,0.0000,0.0000,0.0000,0.0000,default
1787845831288,0.0000,0.0000,0.0000,0.0000,0.0000,default
1787845831372,0.0000,0.0000,0.0000,0.0000,0.0000,default
1787845831456,0.0000,0.0000,0.0000,0.0000,0.0000,default
1787845831539,0.0000,0.0000,0.0000,0.0000,0.0000,default
1787845831623,0.0000,0.0000,0.0000,0.0000,0.0000,default
1787845831671,0.0000,0.0000,0.0000,0.0000,0.0000,default
1787845831746,0.0000,0.0000,0.0000,0.0000,0.0000,default
1787845831829,0.0000,0.0000,0.0000,0.0000,0.0000,default
1787845831912,0.0000,0.0000,0.0000,0.0000,0.0000,default
1787845831996,0.0000,0.0000,0.0000,0.0000,0.0000,default
1787845832080,0.0000,0.0000,0.0000,0.0000,0.0000,default
1787845832163,0.0000,0.0000,0.0000,0.0000,0.0000,default
1787845832246,0.0000,0.0000,0.0000,0.0000,0.0000,default
1787845832330,0.0000,0.0000,0.0000,0.0000,0.0000,default
1787845832414,0.0000,0.0000,0.0000,0.0000,0.0000,default
1787845832496,0.0000,0.0000,0.0000,0.0000,0.0000,default
1787845832580,0.0000,0.0000,0.0000,0.0000,0.0000,default
1787845832664,0.0000,0.0000,0.0000,0.0000,0.0000,default
1787845832746,0.0000,0.0000,0.0000,0.0000,0.0000,default
1787845832830,0.0000,0.0000,0.0000,0.0000,0.0000,default
1787845832914,0.0000,0.0000,0.0000,0.0000,0.0000,default
1787845832997,0.0000,0.0000,0.0000,0.0000,0.0000,default
1787845833079,0.0000,0.0000,0.0000,0.0000,0.0000,default
1787845833163,0.0000,0.0000,0.0000,0.0000,0.0000,default
1787845833212,0.0000,0.0000,0.0000,0.0000,0.0000,default
1787845833289,0.0000,0.0000,0.0000,0.0000,0.0000,default
1787845833372,0.0000,0.0000,0.0000,0.0000,0.0000,default
1787845833456,0.0000,0.0000,0.0000,0.0000,0.0000,default
1787845833539,0.0000,0.0000,0.0000,0.0000,0.0000,default
1787845833619,0.0000,0.0000,0.0000,0.0000,0.0000,default
1787845833669,0.0000,0.0000,0.0000,0.0000,0.0000,default
1787845833746,0.0000,0.0000,0.0000,0.0000,0.0000,default
1787845833830,0.0000,0.0000,0.0000,0.0000,0.0000,default
1787845833913,0.0000,0.0000,0.0000,0.0000,0.0000,default
1787845833996,0.0000,0.0000,0.0000,0.0000,0.0000,default
1787845834080,0.0000,0.0000,0.0000,0.0000,0.0000,default
1787845834162,0.0000,0.0000,0.0000,0.0000,0.0000,default
1787845834247,0.0000,0.0000,0.0000,0.0000,0.0000,default
1787845834329,0.0000,0.0000,0.0000,0.0000,0.0000,default
1787845834413,0.0000,0.0000,0.0000,0.0000,0.0000,default
1787845834496,0.0000,0.0000,0.0000,0.0000,0.0000,default
1787845834580,0.0000,0.0000,0.0000,0.0000,0.0000,default
1787845834663,0.0000,0.0000,0.0000,0.0000,0.0000,default
1787845834744,0.0000,0.0000,0.0000,0.0000,0.0000,default
1787845834830,0.0000,0.0000,0.0000,0.0000,0.0000,default
1787845834913,0.0000,0.0000,0.0000,0.0000,0.0000,default
1787845834996,0.0000,0.0000,0.0000,0.0000,0.0000,default
1787845835079,0.0000,0.0000,0.0000,0.0000,0.0000,default
1787845835159,0.0000,0.0000,0.0000,0.0000,0.0000,default
1787845835246,0.0000,0.0000,0.0000,0.0000,0.0000,default
1787845835330,0.0000,0.0000,0.0000,0.0000,0.0000,default
1787845835413,0.0000,0.0000,0.0000,0.0000,0.0000,default
1787845835509,0.0000,0.0000,0.0000,0.0000,0.0000,default
1787845835580,0.0000,0.0000,0.0000,0.0000,0.0000,default
1787845835663,0.0000,0.0000,0.0000,0.0000,0.0000,default
1787845835746,0.0000,0.0000,0.0000,0.0000,0.0000,default
1787845835833,0.0000,0.0000,0.0000,0.0000,0.0000,default
1787845835914,0.0000,0.0000,0.0000,0.0000,0.0000,default
1787845835996,0.0000,0.0000,0.0000,0.0000,0.0000,default
1787845836080,0.0000,0.0000,0.0000,0.0000,0.0000,default
1787845836163,0.0000,0.0000,0.0000,0.0000,0.0000,default
1787845836245,0.0000,0.0000,0.0000,0.0000,0.0000,default
1787845836292,0.0000,0.0000,0.0000,0.0000,0.0000,default
1787845836371,0.0000,0.0000,0.0000,0.0000,0.0000,default
1787845836454,0.0000,0.0000,0.0000,0.0000,0.0000,default
1787845836537,0.0000,0.0000,0.0000,0.0000,0.0000,default
1787845836621,0.0000,0.0000,0.0000,0.0000,0.0000,default
1787845836703,0.0000,0.0000,0.0000,0.0000,0.0000,default
1787845836786,0.0000,0.0000,0.0000,0.0000,0.0000,default
1787845836871,0.0000,0.0000,0.0000,0.0000,0.0000,default
1787845836954,0.0000,0.0000,0.0000,0.0000,0.0000,default
1787845837037,0.0000,0.0000,0.0000,0.0000,0.0000,default
1787845837120,0.0000,0.0000,0.0000,0.0000,0.0000,default
1787845837204,0.0000,0.0000,0.0000,0.0000,0.0000,default
1787845837288,0.0000,0.0000,0.0000,0.0000,0.0000,default
1787845837371,0.0000,0.0000,0.0000,0.0000,0.0000,default
1787845837454,0.0000,0.0000,0.0000,0.0000,0.0000,default
1787845837537,0.0000,0.0000,0.0000,0.0000,0.0000,default
1787845837621,0.0000,0.0000,0.0000,0.0000,0.0000,default
1787845837707,0.0000,0.0000,0.0000,0.0000,0.0000,default
1787845837788,0.0000,0.0000,0.0000,0.0000,0.0000,default
1787845837870,0.0000,0.0000,0.0000,0.0000,0.0000,default
1787845837953,0.0000,0.0000,0.0000,0.0000,0.0000,default
1787845838037,0.0000,0.0000,0.0000,0.0000,0.0000,default
1787845838120,0.0000,0.0000,0.0000,0.0000,0.0000,default
1787845838204,0.0000,0.0000,0.0000,0.0000,0.0000,default
1787845838288,0.0000,0.0000,0.0000,0.0000,0.0000,default
1787845838371,0.0000,0.0000,0.0000,0.0000,0.0000,default
1787845838454,0.0000,0.0000,0.0000,0.0000,0.0000,default
1787845838537,0.0000,0.0000,0.0000,0.0000,0.0000,default
1787845838619,0.0000,0.0000,0.0000,0.0000,0.0000,default
1787845838704,0.0000,0.0000,0.0000,0.0000,0.0000,default
1787845838787,0.0000,0.0000,0.0000,0.0000,0.0000,default
1787845838869,0.0000,0.0000,0.0000,0.0000,0.0000,default
1787845838953,0.0000,0.0000,0.0000,0.0000,0.0000,default
1787845839039,0.0000,0.0000,0.0000,0.0000,0.0000,default
1787845839120,0.0000,0.0000,0.0000,0.0000,0.0000,default
1787845839204,0.0000,0.0000,0.0000,0.0000,0.0000,default
1787845839287,0.0000,0.0000,0.0000,0.0000,0.0000,default
1787845839370,0.0000,0.0000,0.0000,0.0000,0.0000,default
1787845839454,0.0000,0.0000,0.0000,0.0000,0.0000,default
1787845839503,0.0000,0.0000,0.0000,0.0000,0.0000,default
1787845839576,0.0000,0.0000,0.0000,0.0000,0.0000,default
1787845839662,0.0000,0.0000,0.0000,0.0000,0.0000,default
1787845839745,0.0000,0.0000,0.0000,0.0000,0.0000,default
1787845839830,0.0000,0.0000,0.0000,0.0000,0.0000,default
1787845839912,0.0000,0.0000,0.0000,0.0000,0.0000,default
1787845839961,0.0000,0.0000,0.0000,0.0000,0.0000,default
1787845840036,0.0000,0.0000,0.0000,0.0000,0.0000,default
1787845840120,0.0000,0.0000,0.0000,0.0000,0.0000,default
1787845840202,0.0000,0.0000,0.0000,0.0000,0.0000,default
1787845840287,0.0000,0.0000,0.0000,0.0000,0.0000,default
1787845840369,0.0000,0.0000,0.0000,0.0000,0.0000,default
1787845840453,0.0000,0.0000,0.0000,0.0000,0.0000,default
1787845840512,0.0000,0.0000,0.0000,0.0000,0.0000,default
1787845840579,0.0000,0.0000,0.0000,0.0000,0.0000,default
1787845840662,0.0000,0.0000,0.0000,0.0000,0.0000,default
1787845840748,0.0000,0.0000,0.0000,0.0000,0.0000,default
1787845840829,0.0000,0.0000,0.0000,0.0000,0.0000,default
1787845840911,0.0000,0.0000,0.0000,0.0000,0.0000,default
1787845840995,0.0000,0.0000,0.0000,0.0000,0.0000,default
1787845841078,0.0000,0.0000,0.0000,0.0000,0.0000,default
1787845841161,0.0000,0.0000,0.0000,0.0000,0.0000,default
1787845841246,0.0000,0.0000,0.0000,0.0000,0.0000,default
1787845841330,0.0000,0.0000,0.0000,0.0000,0.0000,default
1787845841412,0.0000,0.0000,0.0000,0.0000,0.0000,default
1787845841496,0.0000,0.0000,0.0000,0.0000,0.0000,default
1787845841580,0.0000,0.0000,0.0000,0.0000,0.0000,default
1787845841663,0.0000,0.0000,0.0000,0.0000,0.0000,default
1787845841746,0.0000,0.0000,0.0000,0.0000,0.0000,default
1787845841830,0.0000,0.0000,0.0000,0.0000,0.0000,default
1787845841910,0.0000,0.0000,0.0000,0.0000,0.0000,default
1787845841995,0.0000,0.0000,0.0000,0.0000,0.0000,default
1787845842079,0.0000,0.0000,0.0000,0.0000,0.0000,default
1787845842162,0.0000,0.0000,0.0000,0.0000,0.0000,default
1787845842244,0.0000,0.0000,0.0000,0.0000,0.0000,default
1787845842329,0.0000,0.0000,0.0000,0.0000,0.0000,default
1787845842411,0.0000,0.0000,0.0000,0.0000,0.0000,default
1787845842495,0.0000,0.0000,0.0000,0.0000,0.0000,default
1787845842582,0.0000,0.0000,0.0000,0.0000,0.0000,default
1787845842661,0.0000,0.0000,0.0000,0.0000,0.0000,default
1787845842745,0.0000,0.0000,0.0000,0.0000,0.0000,default
1787845842828,0.0000,0.0000,0.0000,0.0000,0.0000,default
1787845842911,0.0000,0.0000,0.0000,0.0000,0.0000,default
1787845842995,0.0000,0.0000,0.0000,0.0000,0.0000,default
1787845843080,0.0000,0.0000,0.0000,0.0000,0.0000,default
1787845843162,0.0000,0.0000,0.0000,0.0000,0.0000,default
1787845843244,0.0000,0.0000,0.0000,0.0000,0.0000,default
1787845843328,0.0000,0.0000,0.0000,0.0000,0.0000,default
1787845843411,0.0000,0.0000,0.0000,0.0000,0.0000,default
1787845843495,0.0000,0.0000,0.0000,0.0000,0.0000,default
1787845844141,0.0000,0.0000,0.0000,0.0000,0.0000,default
1787845844247,0.0000,0.0000,0.0000,0.0000,0.0000,default
1787845844328,0.0000,0.0000,0.0000,0.0000,0.0000,default
1787845844411,0.0000,0.0000,0.0000,0.0000,0.0000,default
1787845844496,0.0000,0.0000,0.0000,0.0000,0.0000,default
1787845844578,0.0000,0.0000,0.0000,0.0000,0.0000,default
1787845844661,0.0000,0.0000,0.0000,0.0000,0.0000,default
1787845844746,0.0000,0.0000,0.0000,0.0000,0.0000,default
1787845844829,0.0000,0.0000,0.0000,0.0000,0.0000,default
1787845844912,0.0000,0.0000,0.0000,0.0000,0.0000,default
1787845844995,0.0000,0.0000,0.0000,0.0000,0.0000,default
1787845845080,0.0000,0.0000,0.0000,0.0000,0.0000,default
1787845845162,0.0000,0.0000,0.0000,0.0000,0.0000,default
1787845845246,0.0000,0.0000,0.0000,0.0000,0.0000,default
1787845845328,0.0000,0.0000,0.0000,0.0000,0.0000,default
1787845845412,0.0000,0.0000,0.0000,0.0000,0.0000,default
1787845845495,0.0000,0.0000,0.0000,0.0000,0.0000,default
1787845845578,0.0000,0.0000,0.0000,0.0000,0.0000,default
1787845845662,0.0000,0.0000,0.0000,0.0000,0.0000,default
1787845845745,0.0000,0.0000,0.0000,0.0000,0.0000,default
1787845845796,0.0000,0.0000,0.0000,0.0000,0.0000,default
1787845845870,0.0000,0.0000,0.0000,0.0000,0.0000,default
1787845845953,0.0000,0.0000,0.0000,0.0000,0.0000,default
1787845846037,0.0000,0.0000,0.0000,0.0000,0.0000,default
1787845846119,0.0000,0.0000,0.0000,0.0000,0.0000,default
1787845846209,0.0000,0.0000,0.0000,0.0000,0.0000,default
1787845846286,0.0000,0.0000,0.0000,0.0000,0.0000,default
1787845846369,0.0000,0.0000,0.0000,0.0000,0.0000,default
1787845846454,0.0000,0.0000,0.0000,0.0000,0.0000,default
1787845846537,0.0000,0.0000,0.0000,0.0000,0.0000,default
1787845846620,0.0000,0.0000,0.0000,0.0000,0.0000,default
1787845846703,0.0000,0.0000,0.0000,0.0000,0.0000,default
1787845846786,0.0000,0.0000,0.0000,0.0000,0.0000,default
1787845846870,0.0000,0.0000,0.0000,0.0000,0.0000,default
1787845846952,0.0000,0.0000,0.0000,0.0000,0.0000,default
1787845847035,0.0000,0.0000,0.0000,0.0000,0.0000,default
1787845847121,0.0000,0.0000,0.0000,0.0000,0.0000,default
1787845847201,0.0000,0.0000,0.0000,0.0000,0.0000,default
1787845847285,0.0000,0.0000,0.0000,0.0000,0.0000,default
1787845847369,0.0000,0.0000,0.0000,0.0000,0.0000,default
1787845847453,0.0000,0.0000,0.0000,0.0000,0.0000,default
1787845847537,0.0000,0.0000,0.0000,0.0000,0.0000,default
1787845847619,0.0000,0.0000,0.0000,0.0000,0.0000,default
1787845847703,0.0000,0.0000,0.0000,0.0000,0.0000,default
1787845847786,0.0000,0.0000,0.0000,0.0000,0.0000,default
1787845847870,0.0000,0.0000,0.0000,0.0000,0.0000,default
1787845847953,0.0000,0.0000,0.0000,0.0000,0.0000,default
1787845848037,0.0000,0.0000,0.0000,0.0000,0.0000,default
1787845848120,0.0000,0.0000,0.0000,0.0000,0.0000,default
1787845848201,0.0000,0.0000,0.0000,0.0000,0.0000,default
1787845848286,0.0000,0.0000,0.0000,0.0000,0.0000,default
1787845848369,0.0000,0.0000,0.0000,0.0000,0.0000,default
1787845848417,0.0000,0.0000,0.0000,0.0000,0.0000,default
1787845848495,0.0000,0.0000,0.0000,0.0000,0.0000,default
1787845848578,0.0000,0.0000,0.0000,0.0000,0.0000,default
1787845848664,0.0000,0.0000,0.0000,0.0000,0.0000,default
1787845848744,0.0000,0.0000,0.0000,0.0000,0.0000,default
1787845848827,0.0000,0.0000,0.0000,0.0000,0.0000,default
1787845848874,0.0000,0.0000,0.0000,0.0000,0.0000,default
1787845848957,0.0000,0.0000,0.0000,0.0000,0.0000,default
1787845849035,0.0000,0.0000,0.0000,0.0000,0.0000,default
1787845849118,0.0000,0.0000,0.0000,0.0000,0.0000,default
1787845849202,0.0000,0.0000,0.0000,0.0000,0.0000,default
1787845849284,0.0000,0.0000,0.0000,0.0000,0.0000,default
1787845849368,0.0000,0.0000,0.0000,0.0000,0.0000,default
1787845849451,0.0000,0.0000,0.0000,0.0000,0.0000,default
1787845849535,0.0000,0.0000,0.0000,0.0000,0.0000,default
1787845849621,0.0000,0.0000,0.0000,0.0000,0.0000,default
1787845849703,0.0000,0.0000,0.0000,0.0000,0.0000,default
1787845849787,0.0000,0.0000,0.0000,0.0000,0.0000,default
1787845849869,0.0000,0.0000,0.0000,0.0000,0.0000,default
1787845849955,0.0000,0.0000,0.0000,0.0000,0.0000,default
1787845850035,0.0000,0.0000,0.0000,0.0000,0.0000,default
1787845850119,0.0000,0.0000,0.0000,0.0000,0.0000,default
1787845850202,0.0000,0.0000,0.0000,0.0000,0.0000,default
1787845850285,0.0000,0.0000,0.0000,0.0000,0.0000,default
1787845850369,0.0000,0.0000,0.0000,0.0000,0.0000,default
1787845850451,0.0000,0.0000,0.0000,0.0000,0.0000,default
1787845850536,0.0000,0.0000,0.0000,0.0000,0.0000,default
1787845850619,0.0000,0.0000,0.0000,0.0000,0.0000,default
1787845850702,0.0000,0.0000,0.0000,0.0000,0.0000,default
1787845850785,0.0000,0.0000,0.0000,0.0000,0.0000,default
1787845850868,0.0000,0.0000,0.0000,0.0000,0.0000,default
1787845850953,0.0000,0.0000,0.0000,0.0000,0.0000,default
1787845851037,0.0000,0.0000,0.0000,0.0000,0.0000,default
1787845851119,0.0000,0.0000,0.0000,0.0000,0.0000,default
1787845851201,0.0000,0.0000,0.0000,0.0000,0.0000,default
1787845851284,0.0000,0.0000,0.0000,0.0000,0.0000,default
1787845851367,0.0000,0.0000,0.0000,0.0000,0.0000,default
1787845851451,0.0000,0.0000,0.0000,0.0000,0.0000,default
1787845851536,0.0000,0.0000,0.0000,0.0000,0.0000,default
1787845851618,0.0000,0.0000,0.0000,0.0000,0.0000,default
1787845851702,0.0000,0.0000,0.0000,0.0000,0.0000,default
1787845851785,0.0000,0.0000,0.0000,0.0000,0.0000,default
1787845851868,0.0000,0.0000,0.0000,0.0000,0.0000,default
1787845851952,0.0000,0.0000,0.0000,0.0000,0.0000,default
1787845852036,0.0000,0.0000,0.0000,0.0000,0.0000,default
1787845852086,0.0000,0.0000,0.0000,0.0000,0.0000,default
1787845852160,0.0000,0.0000,0.0000,0.0000,0.0000,default
1787845852245,0.0000,0.0000,0.0000,0.0000,0.0000,default
1787845852328,0.0000,0.0000,0.0000,0.0000,0.0000,default
1787845852411,0.0000,0.0000,0.0000,0.0000,0.0000,default
1787845852494,0.0000,0.0000,0.0000,0.0000,0.0000,default
1787845852542,0.0000,0.0000,0.0000,0.0000,0.0000,default
1787845852619,0.0000,0.0000,0.0000,0.0000,0.0000,default
1787845852702,0.0000,0.0000,0.0000,0.0000,0.0000,default
1787845852786,0.0000,0.0000,0.0000,0.0000,0.0000,default
1787845852868,0.0000,0.0000,0.0000,0.0000,0.0000,default
1787845852952,0.0000,0.0000,0.0000,0.0000,0.0000,default
1787845853035,0.0000,0.0000,0.0000,0.0000,0.0000,default
1787845853119,0.0000,0.0000,0.0000,0.0000,0.0000,default
1787845853203,0.0000,0.0000,0.0000,0.0000,0.0000,default
1787845853285,0.0000,0.0000,0.0000,0.0000,0.0000,default
1787845853369,0.0000,0.0000,0.0000,0.0000,0.0000,default
1787845853453,0.0000,0.0000,0.0000,0.0000,0.0000,default
1787845853535,0.0000,0.0000,0.0000,0.0000,0.0000,default
1787845853618,0.0000,0.0000,0.0000,0.0000,0.0000,default
1787845853701,0.0000,0.0000,0.0000,0.0000,0.0000,default
1787845853787,0.0000,0.0000,0.0000,0.0000,0.0000,default
1787845853868,0.0000,0.0000,0.0000,0.0000,0.0000,default
1787845853951,0.0000,0.0000,0.0000,0.0000,0.0000,default
1787845854036,0.0000,0.0000,0.0000,0.0000,0.0000,default
1787845854118,0.0000,0.0000,0.0000,0.0000,0.0000,default
1787845854201,0.0000,0.0000,0.0000,0.0000,0.0000,default
1787845854285,0.0000,0.0000,0.0000,0.0000,0.0000,default
1787845854368,0.0000,0.0000,0.0000,0.0000,0.0000,default
1787845854451,0.0000,0.0000,0.0000,0.0000,0.0000,default
1787845854536,0.0000,0.0000,0.0000,0.0000,0.0000,default
1787845854618,0.0000,0.0000,0.0000,0.0000,0.0000,default
1787845854708,0.0000,0.0000,0.0000,0.0000,0.0000,default
1787845854785,0.0000,0.0000,0.0000,0.0000,0.0000,default
1787845854868,0.0000,0.0000,0.0000,0.0000,0.0000,default
1787845854954,0.0000,0.0000,0.0000,0.0000,0.0000,default
1787845855034,0.0000,0.0000,0.0000,0.0000,0.0000,default
1787845855117,0.0000,0.0000,0.0000,0.0000,0.0000,default
1787845855166,0.0000,0.0000,0.0000,0.0000,0.0000,default
1787845855244,0.0000,0.0000,0.0000,0.0000,0.0000,default
1787845855327,0.0000,0.0000,0.0000,0.0000,0.0000,default
1787845855411,0.0000,0.0000,0.0000,0.0000,0.0000,default
1787845855512,0.0000,0.0000,0.0000,0.0000,0.0000,default
1787845855576,0.0000,0.0000,0.0000,0.0000,0.0000,default
1787845855660,0.0000,0.0000,0.0000,0.0000,0.0000,default
1787845855743,0.0000,0.0000,0.0000,0.0000,0.0000,default
1787845855827,0.0000,0.0000,0.0000,0.0000,0.0000,default
1787845855910,0.0000,0.0000,0.0000,0.0000,0.0000,default
1787845855994,0.0000,0.0000,0.0000,0.0000,0.0000,default
1787845856078,0.0000,0.0000,0.0000,0.0000,0.0000,default
1787845856161,0.0000,0.0000,0.0000,0.0000,0.0000,default
1787845856243,0.0000,0.0000,0.0000,0.0000,0.0000,default
1787845856327,0.0000,0.0000,0.0000,0.0000,0.0000,default
1787845856411,0.0000,0.0000,0.0000,0.0000,0.0000,default
1787845856497,0.0000,0.0000,0.0000,0.0000,0.0000,default
1787845856577,0.0000,0.0000,0.0000,0.0000,0.0000,default
1787845856660,0.0000,0.0000,0.0000,0.0000,0.0000,default
1787845856744,0.0000,0.0000,0.0000,0.0000,0.0000,default
1787845856826,0.0000,0.0000,0.0000,0.0000,0.0000,default
1787845856912,0.0000,0.0000,0.0000,0.0000,0.0000,default
1787845856994,0.0000,0.0000,0.0000,0.0000,0.0000,default
1787845857075,0.0000,0.0000,0.0000,0.0000,0.0000,default
1787845857164,0.0000,0.0000,0.0000,0.0000,0.0000,default
1787845857244,0.0000,0.0000,0.0000,0.0000,0.0000,default
1787845857329,0.0000,0.0000,0.0000,0.0000,0.0000,default
1787845857409,0.0000,0.0000,0.0000,0.0000,0.0000,default
1787845857492,0.0000,0.0000,0.0000,0.0000,0.0000,default
1787845857578,0.0000,0.0000,0.0000,0.0000,0.0000,default
1787845857659,0.0000,0.0000,0.0000,0.0000,0.0000,default
1787845857743,0.0000,0.0000,0.0000,0.0000,0.0000,default
1787845857827,0.0000,0.0000,0.0000,0.0000,0.0000,default
1787845857909,0.0000,0.0000,0.0000,0.0000,0.0000,default
1787845857993,0.0000,0.0000,0.0000,0.0000,0.0000,default
1787845858077,0.0000,0.0000,0.0000,0.0000,0.0000,default
1787845858159,0.0000,0.0000,0.0000,0.0000,0.0000,default
1787845858243,0.0000,0.0000,0.0000,0.0000,0.0000,default
1787845858326,0.0000,0.0000,0.0000,0.0000,0.0000,default
1787845858378,0.0000,0.0000,0.0000,0.0000,0.0000,default
1787845858450,0.0000,0.0000,0.0000,0.0000,0.0000,default
1787845858535,0.0000,0.0000,0.0000,0.0000,0.0000,default
1787845858620,0.0000,0.0000,0.0000,0.0000,0.0000,default
1787845858701,0.0000,0.0000,0.0000,0.0000,0.0000,default
1787845858784,0.0000,0.0000,0.0000,0.0000,0.0000,default
1787845858868,0.0000,0.0000,0.0000,0.0000,0.0000,default
1787845858950,0.0000,0.0000,0.0000,0.0000,0.0000,default
1787845859033,0.0000,0.0000,0.0000,0.0000,0.0000,default
1787845859118,0.0000,0.0000,0.0000,0.0000,0.0000,default
1787845859200,0.0000,0.0000,0.0000,0.0000,0.0000,default
1787845859284,0.0000,0.0000,0.0000,0.0000,0.0000,default
1787845859366,0.0000,0.0000,0.0000,0.0000,0.0000,default
1787845859449,0.0000,0.0000,0.0000,0.0000,0.0000,default
1787845859537,0.0000,0.0000,0.0000,0.0000,0.0000,default
1787845859620,0.0000,0.0000,0.0000,0.0000,0.0000,default
1787845859700,0.0000,0.0000,0.0000,0.0000,0.0000,default
1787845859783,0.0000,0.0000,0.0000,0.0000,0.0000,default
1787845859868,0.0000,0.0000,0.0000,0.0000,0.0000,default
1787845859952,0.0000,0.0000,0.0000,0.0000,0.0000,default
1787845860034,0.0000,0.0000,0.0000,0.0000,0.0000,default
1787845860117,0.0000,0.0000,0.0000,0.0000,0.0000,default
1787845860201,0.0000,0.0000,0.0000,0.0000,0.0000,default
1787845860285,0.0000,0.0000,0.0000,0.0000,0.0000,default
1787845860367,0.0000,0.0000,0.0000,0.0000,0.0000,default
1787845860451,0.0000,0.0000,0.0000,0.0000,0.0000,default
1787845860532,0.0000,0.0000,0.0000,0.0000,0.0000,default
1787845860617,0.0000,0.0000,0.0000,0.0000,0.0000,default
1787845860700,0.0000,0.0000,0.0000,0.0000,0.0000,default
1787845860785,0.0000,0.0000,0.0000,0.0000,0.0000,default
1787845860867,0.0000,0.0000,0.0000,0.0000,0.0000,default
1787845860951,0.0000,0.0000,0.0000,0.0000,0.0000,default
1787845860999,0.0000,0.0000,0.0000,0.0000,0.0000,default
1787845861076,0.0000,0.0000,0.0000,0.0000,0.0000,default
1787845861161,0.0000,0.0000,0.0000,0.0000,0.0000,default
1787845861244,0.0000,0.0000,0.0000,0.0000,0.0000,default
1787845861325,0.0000,0.0000,0.0000,0.0000,0.0000,default
1787845861409,0.0000,0.0000,0.0000,0.0000,0.0000,default
1787845861457,0.0000,0.0000,0.0000,0.0000,0.0000,default
1787845861534,0.0000,0.0000,0.0000,0.0000,0.0000,default
1787845861618,0.0000,0.0000,0.0000,0.0000,0.0000,default
1787845861701,0.0000,0.0000,0.0000,0.0000,0.0000,default
1787845861785,0.0000,0.0000,0.0000,0.0000,0.0000,default
1787845861867,0.0000,0.0000,0.0000,0.0000,0.0000,default
1787845861950,0.0000,0.0000,0.0000,0.0000,0.0000,default
1787845862035,0.0000,0.0000,0.0000,0.0000,0.0000,default
1787845862117,0.0000,0.0000,0.0000,0.0000,0.0000,default
1787845862200,0.0000,0.0000,0.0000,0.0000,0.0000,default
1787845862283,0.0000,0.0000,0.0000,0.0000,0.0000,default
1787845862367,0.0000,0.0000,0.0000,0.0000,0.0000,default
1787845862451,0.0000,0.0000,0.0000,0.0000,0.0000,default
1787845862534,0.0000,0.0000,0.0000,0.0000,0.0000,default
1787845862616,0.0000,0.0000,0.0000,0.0000,0.0000,default
1787845862700,0.0000,0.0000,0.0000,0.0000,0.0000,default
1787845862783,0.0000,0.0000,0.0000,0.0000,0.0000,default
1787845862867,0.0000,0.0000,0.0000,0.0000,0.0000,default
1787845862951,0.0000,0.0000,0.0000,0.0000,0.0000,default
1787845863033,0.0000,0.0000,0.0000,0.0000,0.0000,default
1787845863116,0.0000,0.0000,0.0000,0.0000,0.0000,default
1787845863202,0.0000,0.0000,0.0000,0.0000,0.0000,default
1787845863284,0.0000,0.0000,0.0000,0.0000,0.0000,default
1787845863368,0.0000,0.0000,0.0000,0.0000,0.0000,default
1787845863451,0.0000,0.0000,0.0000,0.0000,0.0000,default
1787845863534,0.0000,0.0000,0.0000,0.0000,0.0000,default
1787845863621,0.0000,0.0000,0.0000,0.0000,0.0000,default
1787845863700,0.0000,0.0000,0.0000,0.0000,0.0000,default
1787845863783,0.0000,0.0000,0.0000,0.0000,0.0000,default
1787845863868,0.0000,0.0000,0.0000,0.0000,0.0000,default
1787845863950,0.0000,0.0000,0.0000,0.0000,0.0000,default
1787845864033,0.0000,0.0000,0.0000,0.0000,0.0000,default
1787845864118,0.0000,0.0000,0.0000,0.0000,0.0000,default
1787845864201,0.0000,0.0000,0.0000,0.0000,0.0000,default
1787845864283,0.0000,0.0000,0.0000,0.0000,0.0000,default
1787845864367,0.0000,0.0000,0.0000,0.0000,0.0000,default
1787845864449,0.0000,0.0000,0.0000,0.0000,0.0000,default
1787845864534,0.0000,0.0000,0.0000,0.0000,0.0000,default
1787845864616,0.0000,0.0000,0.0000,0.0000,0.0000,default
1787845864669,0.0000,0.0000,0.0000,0.0000,0.0000,default
1787845864743,0.0000,0.0000,0.0000,0.0000,0.0000,default
1787845864826,0.0000,0.0000,0.0000,0.0000,0.0000,default
1787845864909,0.0000,0.0000,0.0000,0.0000,0.0000,default
1787845864994,0.0000,0.0000,0.0000,0.0000,0.0000,default
1787845865075,0.0000,0.0000,0.0000,0.0000,0.0000,default
1787845865124,0.0000,0.0000,0.0000,0.0000,0.0000,default
1787845865200,0.0000,0.0000,0.0000,0.0000,0.0000,default
1787845865286,0.0000,0.0000,0.0000,0.0000,0.0000,default
1787845865367,0.0000,0.0000,0.0000,0.0000,0.0000,default
1787845865450,0.0000,0.0000,0.0000,0.0000,0.0000,default
1787845865534,0.0000,0.0000,0.0000,0.0000,0.0000,default
1787845865617,0.0000,0.0000,0.0000,0.0000,0.0000,default
1787845865700,0.0000,0.0000,0.0000,0.0000,0.0000,default
1787845865784,0.0000,0.0000,0.0000,0.0000,0.0000,default
1787845865866,0.0000,0.0000,0.0000,0.0000,0.0000,default
1787845865950,0.0000,0.0000,0.0000,0.0000,0.0000,default
1787845866035,0.0000,0.0000,0.0000,0.0000,0.0000,default
1787845866118,0.0000,0.0000,0.0000,0.0000,0.0000,default
1787845866199,0.0000,0.0000,0.0000,0.0000,0.0000,default
1787845866284,0.0000,0.0000,0.0000,0.0000,0.0000,default
1787845866366,0.0000,0.0000,0.0000,0.0000,0.0000,default
1787845866452,0.0000,0.0000,0.0000,0.0000,0.0000,default
1787845866534,0.0000,0.0000,0.0000,0.0000,0.0000,default
1787845866616,0.0000,0.0000,0.0000,0.0000,0.0000,default
1787845866700,0.0000,0.0000,0.0000,0.0000,0.0000,default
1787845866784,0.0000,0.0000,0.0000,0.0000,0.0000,default
1787845866868,0.0000,0.0000,0.0000,0.0000,0.0000,default
1787845866950,0.0000,0.0000,0.0000,0.0000,0.0000,default
1787845867034,0.0000,0.0000,0.0000,0.0000,0.0000,default
1787845867116,0.0000,0.0000,0.0000,0.0000,0.0000,default
1787845867200,0.0000,0.0000,0.0000,0.0000,0.0000,default
1787845867291,0.0000,0.0000,0.0000,0.0000,0.0000,default
1787845867368,0.0000,0.0000,0.0000,0.0000,0.0000,default
1787845867449,0.0000,0.0000,0.0000,0.0000,0.0000,default
1787845867533,0.0000,0.0000,0.0000,0.0000,0.0000,default
1787845867616,0.0000,0.0000,0.0000,0.0000,0.0000,default
1787845867700,0.0000,0.0000,0.0000,0.0000,0.0000,default
1787845867750,0.0000,0.0000,0.0000,0.0000,0.0000,default
1787845867825,0.0000,0.0000,0.0000,0.0000,0.0000,default
1787845867909,0.0000,0.0000,0.0000,0.0000,0.0000,default
1787845867993,0.0000,0.0000,0.0000,0.0000,0.0000,default
1787845868074,0.0000,0.0000,0.0000,0.0000,0.0000,default
1787845868126,0.0000,0.0000,0.0000,0.0000,0.0000,default
1787845868202,0.0000,0.0000,0.0000,0.0000,0.0000,default
1787845868285,0.0000,0.0000,0.0000,0.0000,0.0000,default
1787845868368,0.0000,0.0000,0.0000,0.0000,0.0000,default
1787845868449,0.0000,0.0000,0.0000,0.0000,0.0000,default
1787845868535,0.0000,0.0000,0.0000,0.0000,0.0000,default
1787845868617,0.0000,0.0000,0.0000,0.0000,0.0000,default
1787845868699,0.0000,0.0000,0.0000,0.0000,0.0000,default
1787845868784,0.0000,0.0000,0.0000,0.0000,0.0000,default
1787845868866,0.0000,0.0000,0.0000,0.0000,0.0000,default
1787845868949,0.0000,0.0000,0.0000,0.0000,0.0000,default
1787845869032,0.0000,0.0000,0.0000,0.0000,0.0000,default
1787845869116,0.0000,0.0000,0.0000,0.0000,0.0000,default
1787845869199,0.0000,0.0000,0.0000,0.0000,0.0000,default
1787845869284,0.0000,0.0000,0.0000,0.0000,0.0000,default
1787845869366,0.0000,0.0000,0.0000,0.0000,0.0000,default
1787845869451,0.0000,0.0000,0.0000,0.0000,0.0000,default
1787845869532,0.0000,0.0000,0.0000,0.0000,0.0000,default
1787845869615,0.0000,0.0000,0.0000,0.0000,0.0000,default
1787845869700,0.0000,0.0000,0.0000,0.0000,0.0000,default
1787845869782,0.0000,0.0000,0.0000,0.0000,0.0000,default
1787845869866,0.0000,0.0000,0.0000,0.0000,0.0000,default
1787845869949,0.0000,0.0000,0.0000,0.0000,0.0000,default
1787845870033,0.0000,0.0000,0.0000,0.0000,0.0000,default
1787845870115,0.0000,0.0000,0.0000,0.0000,0.0000,default
1787845870198,0.0000,0.0000,0.0000,0.0000,0.0000,default
1787845870283,0.0000,0.0000,0.0000,0.0000,0.0000,default
1787845870370,0.0000,0.0000,0.0000,0.0000,0.0000,default
1787845870449,0.0000,0.0000,0.0000,0.0000,0.0000,default
1787845870533,0.0000,0.0000,0.0000,0.0000,0.0000,default
1787845870615,0.0000,0.0000,0.0000,0.0000,0.0000,default
1787845870700,0.0000,0.0000,0.0000,0.0000,0.0000,default
1787845870782,0.0000,0.0000,0.0000,0.0000,0.0000,default
1787845870865,0.0000,0.0000,0.0000,0.0000,0.0000,default
1787845870950,0.0000,0.0000,0.0000,0.0000,0.0000,default
1787845871032,0.0000,0.0000,0.0000,0.0000,0.0000,default
1787845871116,0.0000,0.0000,0.0000,0.0000,0.0000,default
1787845871198,0.0000,0.0000,0.0000,0.0000,0.0000,default
1787845871282,0.0000,0.0000,0.0000,0.0000,0.0000,default
1787845871364,0.0000,0.0000,0.0000,0.0000,0.0000,default
1787845871448,0.0000,0.0000,0.0000,0.0000,0.0000,default
1787845871533,0.0000,0.0000,0.0000,0.0000,0.0000,default
1787845871616,0.0000,0.0000,0.0000,0.0000,0.0000,default
1787845871697,0.0000,0.0000,0.0000,0.0000,0.0000,default
1787845871783,0.0000,0.0000,0.0000,0.0000,0.0000,default
1787845871866,0.0000,0.0000,0.0000,0.0000,0.0000,default
1787845871950,0.0000,0.0000,0.0000,0.0000,0.0000,default
1787845872033,0.0000,0.0000,0.0000,0.0000,0.0000,default
1787845872116,0.0000,0.0000,0.0000,0.0000,0.0000,default
1787845872200,0.0000,0.0000,0.0000,0.0000,0.0000,default
1787845872282,0.0000,0.0000,0.0000,0.0000,0.0000,default
1787845872367,0.0000,0.0000,0.0000,0.0000,0.0000,default
1787845872449,0.0000,0.0000,0.0000,0.0000,0.0000,default
1787845872532,0.0000,0.0000,0.0000,0.0000,0.0000,default
1787845872615,0.0000,0.0000,0.0000,0.0000,0.0000,default
1787845872699,0.0000,0.0000,0.0000,0.0000,0.0000,default
1787845872782,0.0000,0.0000,0.0000,0.0000,0.0000,default
1787845872865,0.0000,0.0000,0.0000,0.0000,0.0000,default
1787845872949,0.0000,0.0000,0.0000,0.0000,0.0000,default
1787845873035,0.0000,0.0000,0.0000,0.0000,0.0000,default
1787845873117,0.0000,0.0000,0.0000,0.0000,0.0000,default
1787845873199,0.0000,0.0000,0.0000,0.0000,0.0000,default
1787845873282,0.0000,0.0000,0.0000,0.0000,0.0000,default
1787845873367,0.0000,0.0000,0.0000,0.0000,0.0000,default
1787845873449,0.0000,0.0000,0.0000,0.0000,0.0000,default
1787845873532,0.0000,0.0000,0.0000,0.0000,0.0000,default
1787845873581,0.0000,0.0000,0.0000,0.0000,0.0000,default
1787845873657,0.0000,0.0000,0.0000,0.0000,0.0000,default
1787845873741,0.0000,0.0000,0.0000,0.0000,0.0000,default
1787845873824,0.0000,0.0000,0.0000,0.0000,0.0000,default
1787845873907,0.0000,0.0000,0.0000,0.0000,0.0000,default
1787845873988,0.0000,0.0000,0.0000,0.0000,0.0000,default
1787845874039,0.0000,0.0000,0.0000,0.0000,0.0000,default
1787845874115,0.0000,0.0000,0.0000,0.0000,0.0000,default
1787845874162,0.0000,0.0000,0.0000,0.0000,0.0000,default
1787845874242,0.0000,0.0000,0.0000,0.0000,0.0000,default
1787845874325,0.0000,0.0000,0.0000,0.0000,0.0000,default
1787845874408,0.0000,0.0000,0.0000,0.0000,0.0000,default
1787845874492,0.0000,0.0000,0.0000,0.0000,0.0000,default
1787845874575,0.0000,0.0000,0.0000,0.0000,0.0000,default
1787845874657,0.0000,0.0000,0.0000,0.0000,0.0000,default
1787845874741,0.0000,0.0000,0.0000,0.0000,0.0000,default
1787845874823,0.0000,0.0000,0.0000,0.0000,0.0000,default
1787845874907,0.0000,0.0000,0.0000,0.0000,0.0000,default
1787845874991,0.0000,0.0000,0.0000,0.0000,0.0000,default
1787845875075,0.0000,0.0000,0.0000,0.0000,0.0000,default
1787845875158,0.0000,0.0000,0.0000,0.0000,0.0000,default
1787845875241,0.0000,0.0000,0.0000,0.0000,0.0000,default
1787845875324,0.0000,0.0000,0.0000,0.0000,0.0000,default
1787845875408,0.0000,0.0000,0.0000,0.0000,0.0000,default
1787845875492,0.0000,0.0000,0.0000,0.0000,0.0000,default
1787845875576,0.0000,0.0000,0.0000,0.0000,0.0000,default
1787845875657,0.0000,0.0000,0.0000,0.0000,0.0000,default
1787845875740,0.0000,0.0000,0.0000,0.0000,0.0000,default
1787845875829,0.0000,0.0000,0.0000,0.0000,0.0000,default
1787845875907,0.0000,0.0000,0.0000,0.0000,0.0000,default
1787845875991,0.0000,0.0000,0.0000,0.0000,0.0000,default
1787845876074,0.0000,0.0000,0.0000,0.0000,0.0000,default
1787845876156,0.0000,0.0000,0.0000,0.0000,0.0000,default
1787845876208,0.0000,0.0000,0.0000,0.0000,0.0000,default
1787845876283,0.0000,0.0000,0.0000,0.0000,0.0000,default
1787845876365,0.0000,0.0000,0.0000,0.0000,0.0000,default
1787845876450,0.0000,0.0000,0.0000,0.0000,0.0000,default
1787845876532,0.0000,0.0000,0.0000,0.0000,0.0000,default
1787845876621,0.0000,0.0000,0.0000,0.0000,0.0000,default
1787845876698,0.0000,0.0000,0.0000,0.0000,0.0000,default
1787845876782,0.0000,0.0000,0.0000,0.0000,0.0000,default
1787845876865,0.0000,0.0000,0.0000,0.0000,0.0000,default
1787845876948,0.0000,0.0000,0.0000,0.0000,0.0000,default
1787845877031,0.0000,0.0000,0.0000,0.0000,0.0000,default
1787845877114,0.0000,0.0000,0.0000,0.0000,0.0000,default
1787845877201,0.0000,0.0000,0.0000,0.0000,0.0000,default
1787845877282,0.0000,0.0000,0.0000,0.0000,0.0000,default
1787845877366,0.0000,0.0000,0.0000,0.0000,0.0000,default
1787845877447,0.0000,0.0000,0.0000,0.0000,0.0000,default
1787845877530,0.0000,0.0000,0.0000,0.0000,0.0000,default
1787845877618,0.0000,0.0000,0.0000,0.0000,0.0000,default
1787845877697,0.0000,0.0000,0.0000,0.0000,0.0000,default
1787845877782,0.0000,0.0000,0.0000,0.0000,0.0000,default
1787845877865,0.0000,0.0000,0.0000,0.0000,0.0000,default
1787845877949,0.0000,0.0000,0.0000,0.0000,0.0000,default
1787845878031,0.0000,0.0000,0.0000,0.0000,0.0000,default
1787845878115,0.0000,0.0000,0.0000,0.0000,0.0000,default
1787845878199,0.0000,0.0000,0.0000,0.0000,0.0000,default
1787845878281,0.0000,0.0000,0.0000,0.0000,0.0000,default
1787845878365,0.0000,0.0000,0.0000,0.0000,0.0000,default
1787845878448,0.0000,0.0000,0.0000,0.0000,0.0000,default
1787845878531,0.0000,0.0000,0.0000,0.0000,0.0000,default
1787845878614,0.0000,0.0000,0.0000,0.0000,0.0000,default
1787845878698,0.0000,0.0000,0.0000,0.0000,0.0000,default
1787845878781,0.0000,0.0000,0.0000,0.0000,0.0000,default
1787845878829,0.0000,0.0000,0.0000,0.0000,0.0000,default
1787845878907,0.0000,0.0000,0.0000,0.0000,0.0000,default
1787845878993,0.0000,0.0000,0.0000,0.0000,0.0000,default
1787845879076,0.0000,0.0000,0.0000,0.0000,0.0000,default
1787845879158,0.0000,0.0000,0.0000,0.0000,0.0000,default
1787845879241,0.0000,0.0000,0.0000,0.0000,0.0000,default
1787845879287,0.0000,0.0000,0.0000,0.0000,0.0000,default
1787845879366,0.0000,0.0000,0.0000,0.0000,0.0000,default
1787845879447,0.0000,0.0000,0.0000,0.0000,0.0000,default
1787845879532,0.0000,0.0000,0.0000,0.0000,0.0000,default
1787845879614,0.0000,0.0000,0.0000,0.0000,0.0000,default
1787845879699,0.0000,0.0000,0.0000,0.0000,0.0000,default
1787845879782,0.0000,0.0000,0.0000,0.0000,0.0000,default
1787845879865,0.0000,0.0000,0.0000,0.0000,0.0000,default
1787845879948,0.0000,0.0000,0.0000,0.0000,0.0000,default
1787845880031,0.0000,0.0000,0.0000,0.0000,0.0000,default
1787845880115,0.0000,0.0000,0.0000,0.0000,0.0000,default
1787845880199,0.0000,0.0000,0.0000,0.0000,0.0000,default
1787845880281,0.0000,0.0000,0.0000,0.0000,0.0000,default
1787845880364,0.0000,0.0000,0.0000,0.0000,0.0000,default
1787845880448,0.0000,0.0000,0.0000,0.0000,0.0000,default
1787845880532,0.0000,0.0000,0.0000,0.0000,0.0000,default
1787845880615,0.0000,0.0000,0.0000,0.0000,0.0000,default
1787845880698,0.0000,0.0000,0.0000,0.0000,0.0000,default
1787845880781,0.0000,0.0000,0.0000,0.0000,0.0000,default
1787845880865,0.0000,0.0000,0.0000,0.0000,0.0000,default
1787845880947,0.0000,0.0000,0.0000,0.0000,0.0000,default
1787845881032,0.0000,0.0000,0.0000,0.0000,0.0000,default
1787845881115,0.0000,0.0000,0.0000,0.0000,0.0000,default
1787845881198,0.0000,0.0000,0.0000,0.0000,0.0000,default
1787845881283,0.0000,0.0000,0.0000,0.0000,0.0000,default
1787845881365,0.0000,0.0000,0.0000,0.0000,0.0000,default
1787845881450,0.0000,0.0000,0.0000,0.0000,0.0000,default
1787845881531,0.0000,0.0000,0.0000,0.0000,0.0000,default
1787845881616,0.0000,0.0000,0.0000,0.0000,0.0000,default
1787845881699,0.0000,0.0000,0.0000,0.0000,0.0000,default
1787845881782,0.0000,0.0000,0.0000,0.0000,0.0000,default
1787845881864,0.0000,0.0000,0.0000,0.0000,0.0000,default
1787845881947,0.0000,0.0000,0.0000,0.0000,0.0000,default
1787845882031,0.0000,0.0000,0.0000,0.0000,0.0000,default
1787845882116,0.0000,0.0000,0.0000,0.0000,0.0000,default
1787845882198,0.0000,0.0000,0.0000,0.0000,0.0000,default
1787845882281,0.0000,0.0000,0.0000,0.0000,0.0000,default
1787845882365,0.0000,0.0000,0.0000,0.0000,0.0000,default
1787845882447,0.0000,0.0000,0.0000,0.0000,0.0000,default
1787845882501,0.0000,0.0000,0.0000,0.0000,0.0000,default
1787845882573,0.0000,0.0000,0.0000,0.0000,0.0000,default
1787845882657,0.0000,0.0000,0.0000,0.0000,0.0000,default
1787845882740,0.0000,0.0000,0.0000,0.0000,0.0000,default
1787845882824,0.0000,0.0000,0.0000,0.0000,0.0000,default
1787845882907,0.0000,0.0000,0.0000,0.0000,0.0000,default
1787845882989,0.0000,0.0000,0.0000,0.0000,0.0000,default
1787845883073,0.0000,0.0000,0.0000,0.0000,0.0000,default
1787845883157,0.0000,0.0000,0.0000,0.0000,0.0000,default
1787845883241,0.0000,0.0000,0.0000,0.0000,0.0000,default
1787845883324,0.0000,0.0000,0.0000,0.0000,0.0000,default
1787845883407,0.0000,0.0000,0.0000,0.0000,0.0000,default
1787845883489,0.0000,0.0000,0.0000,0.0000,0.0000,default
1787845883573,0.0000,0.0000,0.0000,0.0000,0.0000,default
1787845883656,0.0000,0.0000,0.0000,0.0000,0.0000,default
1787845883740,0.0000,0.0000,0.0000,0.0000,0.0000,default
1787845883823,0.0000,0.0000,0.0000,0.0000,0.0000,default
1787845883906,0.0000,0.0000,0.0000,0.0000,0.0000,default
1787845883992,0.0000,0.0000,0.0000,0.0000,0.0000,default
1787845884075,0.0000,0.0000,0.0000,0.0000,0.0000,default
1787845884157,0.0000,0.0000,0.0000,0.0000,0.0000,default
1787845884241,0.0000,0.0000,0.0000,0.0000,0.0000,default
1787845884324,0.0000,0.0000,0.0000,0.0000,0.0000,default
1787845884407,0.0000,0.0000,0.0000,0.0000,0.0000,default
1787845884490,0.0000,0.0000,0.0000,0.0000,0.0000,default
1787845884574,0.0000,0.0000,0.0000,0.0000,0.0000,default
1787845884657,0.0000,0.0000,0.0000,0.0000,0.0000,default
1787845884740,0.0000,0.0000,0.0000,0.0000,0.0000,default
1787845884824,0.0000,0.0000,0.0000,0.0000,0.0000,default
1787845884907,0.0000,0.0000,0.0000,0.0000,0.0000,default
1787845884991,0.0000,0.0000,0.0000,0.0000,0.0000,default
1787845885074,0.0000,0.0000,0.0000,0.0000,0.0000,default
1787845885123,0.0000,0.0000,0.0000,0.0000,0.0000,default
1787845885198,0.0000,0.0000,0.0000,0.0000,0.0000,default
1787845885281,0.0000,0.0000,0.0000,0.0000,0.0000,default
1787845885364,0.0000,0.0000,0.0000,0.0000,0.0000,default
1787845885447,0.0000,0.0000,0.0000,0.0000,0.0000,default
1787845885530,0.0000,0.0000,0.0000,0.0000,0.0000,default
1787845885580,0.0000,0.0000,0.0000,0.0000,0.0000,default
1787845885657,0.0000,0.0000,0.0000,0.0000,0.0000,default
1787845885742,0.0000,0.0000,0.0000,0.0000,0.0000,default
1787845885824,0.0000,0.0000,0.0000,0.0000,0.0000,default
1787845885908,0.0000,0.0000,0.0000,0.0000,0.0000,default
1787845885991,0.0000,0.0000,0.0000,0.0000,0.0000,default
1787845886072,0.0000,0.0000,0.0000,0.0000,0.0000,default
1787845886158,0.0000,0.0000,0.0000,0.0000,0.0000,default
1787845886239,0.0000,0.0000,0.0000,0.0000,0.0000,default
1787845886323,0.0000,0.0000,0.0000,0.0000,0.0000,default
1787845886406,0.0000,0.0000,0.0000,0.0000,0.0000,default
1787845886490,0.0000,0.0000,0.0000,0.0000,0.0000,default
1787845886572,0.0000,0.0000,0.0000,0.0000,0.0000,default
1787845886658,0.0000,0.0000,0.0000,0.0000,0.0000,default
1787845886738,0.0000,0.0000,0.0000,0.0000,0.0000,default
1787845886822,0.0000,0.0000,0.0000,0.0000,0.0000,default
1787845886910,0.0000,0.0000,0.0000,0.0000,0.0000,default
1787845886989,0.0000,0.0000,0.0000,0.0000,0.0000,default
1787845887075,0.0000,0.0000,0.0000,0.0000,0.0000,default
1787845887155,0.0000,0.0000,0.0000,0.0000,0.0000,default
1787845887239,0.0000,0.0000,0.0000,0.0000,0.0000,default
1787845887321,0.0000,0.0000,0.0000,0.0000,0.0000,default
1787845887406,0.0000,0.0000,0.0000,0.0000,0.0000,default
1787845887490,0.0000,0.0000,0.0000,0.0000,0.0000,default
1787845887574,0.0000,0.0000,0.0000,0.0000,0.0000,default
1787845887655,0.0000,0.0000,0.0000,0.0000,0.0000,default
1787845887745,0.0000,0.0000,0.0000,0.0000,0.0000,default
1787845887823,0.0000,0.0000,0.0000,0.0000,0.0000,default
1787845887906,0.0000,0.0000,0.0000,0.0000,0.0000,default
1787845887991,0.0000,0.0000,0.0000,0.0000,0.0000,default
1787845888071,0.0000,0.0000,0.0000,0.0000,0.0000,default
1787845888155,0.0000,0.0000,0.0000,0.0000,0.0000,default
1787845888205,0.0000,0.0000,0.0000,0.0000,0.0000,default
1787845888281,0.0000,0.0000,0.0000,0.0000,0.0000,default
1787845888365,0.0000,0.0000,0.0000,0.0000,0.0000,default
1787845888448,0.0000,0.0000,0.0000,0.0000,0.0000,default
1787845888530,0.0000,0.0000,0.0000,0.0000,0.0000,default
1787845888613,0.0000,0.0000,0.0000,0.0000,0.0000,default
1787845888697,0.0000,0.0000,0.0000,0.0000,0.0000,default
1787845888781,0.0000,0.0000,0.0000,0.0000,0.0000,default
1787845888863,0.0000,0.0000,0.0000,0.0000,0.0000,default
1787845888946,0.0000,0.0000,0.0000,0.0000,0.0000,default
1787845889030,0.0000,0.0000,0.0000,0.0000,0.0000,default
1787845889114,0.0000,0.0000,0.0000,0.0000,0.0000,default
1787845889196,0.0000,0.0000,0.0000,0.0000,0.0000,default
1787845889280,0.0000,0.0000,0.0000,0.0000,0.0000,default
1787845889363,0.0000,0.0000,0.0000,0.0000,0.0000,default
1787845889448,0.0000,0.0000,0.0000,0.0000,0.0000,default
1787845889531,0.0000,0.0000,0.0000,0.0000,0.0000,default
1787845889614,0.0000,0.0000,0.0000,0.0000,0.0000,default
1787845889697,0.0000,0.0000,0.0000,0.0000,0.0000,default
1787845889779,0.0000,0.0000,0.0000,0.0000,0.0000,default
1787845889865,0.0000,0.0000,0.0000,0.0000,0.0000,default
1787845889947,0.0000,0.0000,0.0000,0.0000,0.0000,default
1787845890032,0.0000,0.0000,0.0000,0.0000,0.0000,default
1787845890113,0.0000,0.0000,0.0000,0.0000,0.0000,default
1787845890197,0.0000,0.0000,0.0000,0.0000,0.0000,default
1787845890281,0.0000,0.0000,0.0000,0.0000,0.0000,default
1787845890366,0.0000,0.0000,0.0000,0.0000,0.0000,default
1787845890447,0.0000,0.0000,0.0000,0.0000,0.0000,default
1787845890530,0.0000,0.0000,0.0000,0.0000,0.0000,default
1787845890614,0.0000,0.0000,0.0000,0.0000,0.0000,default
1787845890698,0.0000,0.0000,0.0000,0.0000,0.0000,default
1787845890780,0.0000,0.0000,0.0000,0.0000,0.0000,default
1787845890864,0.0000,0.0000,0.0000,0.0000,0.0000,default
1787845890947,0.0000,0.0000,0.0000,0.0000,0.0000,default
1787845891030,0.0000,0.0000,0.0000,0.0000,0.0000,default
1787845891113,0.0000,0.0000,0.0000,0.0000,0.0000,default
1787845891196,0.0000,0.0000,0.0000,0.0000,0.0000,default
1787845891281,0.0000,0.0000,0.0000,0.0000,0.0000,default
1787845891364,0.0000,0.0000,0.0000,0.0000,0.0000,default
1787845891447,0.0000,0.0000,0.0000,0.0000,0.0000,default
1787845891535,0.0000,0.0000,0.0000,0.0000,0.0000,default
1787845891613,0.0000,0.0000,0.0000,0.0000,0.0000,default
1787845891696,0.0000,0.0000,0.0000,0.0000,0.0000,default
1787845891779,0.0000,0.0000,0.0000,0.0000,0.0000,default
1787845891874,0.0000,0.0000,0.0000,0.0000,0.0000,default
1787845891948,0.0000,0.0000,0.0000,0.0000,0.0000,default
1787845892029,0.0000,0.0000,0.0000,0.0000,0.0000,default
1787845892113,0.0000,0.0000,0.0000,0.0000,0.0000,default
1787845892197,0.0000,0.0000,0.0000,0.0000,0.0000,default
1787845892286,0.0000,0.0000,0.0000,0.0000,0.0000,default
1787845892363,0.0000,0.0000,0.0000,0.0000,0.0000,default
1787845892446,0.0000,0.0000,0.0000,0.0000,0.0000,default
1787845892530,0.0000,0.0000,0.0000,0.0000,0.0000,default
1787845892613,0.0000,0.0000,0.0000,0.0000,0.0000,default
1787845892664,0.0000,0.0000,0.0000,0.0000,0.0000,default
1787845892738,0.0000,0.0000,0.0000,0.0000,0.0000,default
1787845892821,0.0000,0.0000,0.0000,0.0000,0.0000,default
1787845892905,0.0000,0.0000,0.0000,0.0000,0.0000,default
1787845892990,0.0000,0.0000,0.0000,0.0000,0.0000,default
1787845893071,0.0000,0.0000,0.0000,0.0000,0.0000,default
1787845893154,0.0000,0.0000,0.0000,0.0000,0.0000,default
1787845893238,0.0000,0.0000,0.0000,0.0000,0.0000,default
1787845893325,0.0000,0.0000,0.0000,0.0000,0.0000,default
1787845893406,0.0000,0.0000,0.0000,0.0000,0.0000,default
1787845893491,0.0000,0.0000,0.0000,0.0000,0.0000,default
1787845893572,0.0000,0.0000,0.0000,0.0000,0.0000,default
1787845893655,0.0000,0.0000,0.0000,0.0000,0.0000,default
1787845893738,0.0000,0.0000,0.0000,0.0000,0.0000,default
1787845893823,0.0000,0.0000,0.0000,0.0000,0.0000,default
1787845893904,0.0000,0.0000,0.0000,0.0000,0.0000,default
1787845893987,0.0000,0.0000,0.0000,0.0000,0.0000,default
1787845894072,0.0000,0.0000,0.0000,0.0000,0.0000,default
1787845894155,0.0000,0.0000,0.0000,0.0000,0.0000,default
1787845894238,0.0000,0.0000,0.0000,0.0000,0.0000,default
1787845894322,0.0000,0.0000,0.0000,0.0000,0.0000,default
1787845894404,0.0000,0.0000,0.0000,0.0000,0.0000,default
1787845894488,0.0000,0.0000,0.0000,0.0000,0.0000,default
1787845894571,0.0000,0.0000,0.0000,0.0000,0.0000,default
1787845894654,0.0000,0.0000,0.0000,0.0000,0.0000,default
1787845894737,0.0000,0.0000,0.0000,0.0000,0.0000,default
1787845894820,0.0000,0.0000,0.0000,0.0000,0.0000,default
1787845894905,0.0000,0.0000,0.0000,0.0000,0.0000,default
1787845894988,0.0000,0.0000,0.0000,0.0000,0.0000,default
1787845895072,0.0000,0.0000,0.0000,0.0000,0.0000,default
1787845895160,0.0000,0.0000,0.0000,0.0000,0.0000,default
1787845895239,0.0000,0.0000,0.0000,0.0000,0.0000,default
1787845895321,0.0000,0.0000,0.0000,0.0000,0.0000,default
1787845895404,0.0000,0.0000,0.0000,0.0000,0.0000,default
1787845895489,0.0000,0.0000,0.0000,0.0000,0.0000,default
1787845895571,0.0000,0.0000,0.0000,0.0000,0.0000,default
1787845895656,0.0000,0.0000,0.0000,0.0000,0.0000,default
1787845895741,0.0000,0.0000,0.0000,0.0000,0.0000,default
1787845895821,0.0000,0.0000,0.0000,0.0000,0.0000,default
1787845895911,0.0000,0.0000,0.0000,0.0000,0.0000,default
1787845895989,0.0000,0.0000,0.0000,0.0000,0.0000,default
1787845896072,0.0000,0.0000,0.0000,0.0000,0.0000,default
1787845896155,0.0000,0.0000,0.0000,0.0000,0.0000,default
1787845896241,0.0000,0.0000,0.0000,0.0000,0.0000,default
1787845896321,0.0000,0.0000,0.0000,0.0000,0.0000,default
1787845896409,0.0000,0.0000,0.0000,0.0000,0.0000,default
1787845896499,0.0000,0.0000,0.0000,0.0000,0.0000,default
1787845896572,0.0000,0.0000,0.0000,0.0000,0.0000,default
1787845896655,0.0000,0.0000,0.0000,0.0000,0.0000,default
1787845896737,0.0000,0.0000,0.0000,0.0000,0.0000,default
1787845896820,0.0000,0.0000,0.0000,0.0000,0.0000,default
1787845896903,0.0000,0.0000,0.0000,0.0000,0.0000,default
1787845896955,0.0000,0.0000,0.0000,0.0000,0.0000,default
1787845897030,0.0000,0.0000,0.0000,0.0000,0.0000,default
1787845897112,0.0000,0.0000,0.0000,0.0000,0.0000,default
1787845897197,0.0000,0.0000,0.0000,0.0000,0.0000,default
1787845897281,0.0000,0.0000,0.0000,0.0000,0.0000,default
1787845897363,0.0000,0.0000,0.0000,0.0000,0.0000,default
1787845897446,0.0000,0.0000,0.0000,0.0000,0.0000,default
1787845897531,0.0000,0.0000,0.0000,0.0000,0.0000,default
1787845897613,0.0000,0.0000,0.0000,0.0000,0.0000,default
1787845897696,0.0000,0.0000,0.0000,0.0000,0.0000,default
1787845897779,0.0000,0.0000,0.0000,0.0000,0.0000,default
1787845897864,0.0000,0.0000,0.0000,0.0000,0.0000,default
1787845897947,0.0000,0.0000,0.0000,0.0000,0.0000,default
1787845898030,0.0000,0.0000,0.0000,0.0000,0.0000,default
1787845898114,0.0000,0.0000,0.0000,0.0000,0.0000,default
1787845898198,0.0000,0.0000,0.0000,0.0000,0.0000,default
1787845898280,0.0000,0.0000,0.0000,0.0000,0.0000,default
1787845898363,0.0000,0.0000,0.0000,0.0000,0.0000,default
1787845898447,0.0000,0.0000,0.0000,0.0000,0.0000,default
1787845898531,0.0000,0.0000,0.0000,0.0000,0.0000,default
1787845898614,0.0000,0.0000,0.0000,0.0000,0.0000,default
1787845898696,0.0000,0.0000,0.0000,0.0000,0.0000,default
1787845898779,0.0000,0.0000,0.0000,0.0000,0.0000,default
1787845898863,0.0000,0.0000,0.0000,0.0000,0.0000,default
1787845898944,0.0000,0.0000,0.0000,0.0000,0.0000,default
1787845899029,0.0000,0.0000,0.0000,0.0000,0.0000,default
1787845899121,0.0000,0.0000,0.0000,0.0000,0.0000,default
1787845899195,0.0000,0.0000,0.0000,0.0000,0.0000,default
1787845899280,0.0000,0.0000,0.0000,0.0000,0.0000,default
1787845899367,0.0000,0.0000,0.0000,0.0000,0.0000,default
1787845899446,0.0000,0.0000,0.0000,0.0000,0.0000,default
1787845899530,0.0000,0.0000,0.0000,0.0000,0.0000,default
1787845899580,0.0000,0.0000,0.0000,0.0000,0.0000,default
1787845899654,0.0000,0.0000,0.0000,0.0000,0.0000,default
1787845899738,0.0000,0.0000,0.0000,0.0000,0.0000,default
1787845899821,0.0000,0.0000,0.0000,0.0000,0.0000,default
1787845899905,0.0000,0.0000,0.0000,0.0000,0.0000,default
1787845899988,0.0000,0.0000,0.0000,0.0000,0.0000,default
1787845900072,0.0000,0.0000,0.0000,0.0000,0.0000,default
1787845900154,0.0000,0.0000,0.0000,0.0000,0.0000,default
1787845900238,0.0000,0.0000,0.0000,0.0000,0.0000,default
1787845900321,0.0000,0.0000,0.0000,0.0000,0.0000,default
1787845900404,0.0000,0.0000,0.0000,0.0000,0.0000,default
1787845900488,0.0000,0.0000,0.0000,0.0000,0.0000,default
1787845900572,0.0000,0.0000,0.0000,0.0000,0.0000,default
1787845900654,0.0000,0.0000,0.0000,0.0000,0.0000,default
1787845900738,0.0000,0.0000,0.0000,0.0000,0.0000,default
1787845900821,0.0000,0.0000,0.0000,0.0000,0.0000,default
1787845900902,0.0000,0.0000,0.0000,0.0000,0.0000,default
1787845900989,0.0000,0.0000,0.0000,0.0000,0.0000,default
1787845901070,0.0000,0.0000,0.0000,0.0000,0.0000,default
1787845901155,0.0000,0.0000,0.0000,0.0000,0.0000,default
1787845901238,0.0000,0.0000,0.0000,0.0000,0.0000,default
1787845901321,0.0000,0.0000,0.0000,0.0000,0.0000,default
1787845901405,0.0000,0.0000,0.0000,0.0000,0.0000,default
1787845901487,0.0000,0.0000,0.0000,0.0000,0.0000,default
1787845901570,0.0000,0.0000,0.0000,0.0000,0.0000,default
1787845901655,0.0000,0.0000,0.0000,0.0000,0.0000,default
1787845901742,0.0000,0.0000,0.0000,0.0000,0.0000,default
1787845901820,0.0000,0.0000,0.0000,0.0000,0.0000,default
1787845901904,0.0000,0.0000,0.0000,0.0000,0.0000,default
1787845901988,0.0000,0.0000,0.0000,0.0000,0.0000,default
1787845902070,0.0000,0.0000,0.0000,0.0000,0.0000,default
1787845902156,0.0000,0.0000,0.0000,0.0000,0.0000,default
1787845902236,0.0000,0.0000,0.0000,0.0000,0.0000,default
1787845902321,0.0000,0.0000,0.0000,0.0000,0.0000,default
1787845902403,0.0000,0.0000,0.0000,0.0000,0.0000,default
1787845902487,0.0000,0.0000,0.0000,0.0000,0.0000,default
1787845902570,0.0000,0.0000,0.0000,0.0000,0.0000,default
1787845902655,0.0000,0.0000,0.0000,0.0000,0.0000,default
1787845902738,0.0000,0.0000,0.0000,0.0000,0.0000,default
1787845902820,0.0000,0.0000,0.0000,0.0000,0.0000,default
1787845902902,0.0000,0.0000,0.0000,0.0000,0.0000,default
1787845902988,0.0000,0.0000,0.0000,0.0000,0.0000,default
1787845903071,0.0000,0.0000,0.0000,0.0000,0.0000,default
1787845903155,0.0000,0.0000,0.0000,0.0000,0.0000,default
1787845903239,0.0000,0.0000,0.0000,0.0000,0.0000,default
1787845903321,0.0000,0.0000,0.0000,0.0000,0.0000,default
1787845903404,0.0000,0.0000,0.0000,0.0000,0.0000,default
1787845903486,0.0000,0.0000,0.0000,0.0000,0.0000,default
1787845903570,0.0000,0.0000,0.0000,0.0000,0.0000,default
1787845903657,0.0000,0.0000,0.0000,0.0000,0.0000,default
1787845903738,0.0000,0.0000,0.0000,0.0000,0.0000,default
1787845903821,0.0000,0.0000,0.0000,0.0000,0.0000,default
1787845903903,0.0000,0.0000,0.0000,0.0000,0.0000,default
1787845903987,0.0000,0.0000,0.0000,0.0000,0.0000,default
1787845904070,0.0000,0.0000,0.0000,0.0000,0.0000,default
1787845904154,0.0000,0.0000,0.0000,0.0000,0.0000,default
1787845904236,0.0000,0.0000,0.0000,0.0000,0.0000,default
1787845904321,0.0000,0.0000,0.0000,0.0000,0.0000,default
1787845904404,0.0000,0.0000,0.0000,0.0000,0.0000,default
1787845904487,0.0000,0.0000,0.0000,0.0000,0.0000,default
1787845904569,0.0000,0.0000,0.0000,0.0000,0.0000,default
1787845904653,0.0000,0.0000,0.0000,0.0000,0.0000,default
1787845904737,0.0000,0.0000,0.0000,0.0000,0.0000,default
1787845904822,0.0000,0.0000,0.0000,0.0000,0.0000,default
1787845904905,0.0000,0.0000,0.0000,0.0000,0.0000,default
1787845904986,0.0000,0.0000,0.0000,0.0000,0.0000,default
1787845905069,0.0000,0.0000,0.0000,0.0000,0.0000,default
1787845905152,0.0000,0.0000,0.0000,0.0000,0.0000,default
1787845905236,0.0000,0.0000,0.0000,0.0000,0.0000,default
1787845905319,0.0000,0.0000,0.0000,0.0000,0.0000,default
1787845905411,0.0000,0.0000,0.0000,0.0000,0.0000,default
1787845905486,0.0000,0.0000,0.0000,0.0000,0.0000,default
1787845905569,0.0000,0.0000,0.0000,0.0000,0.0000,default
1787845905654,0.0000,0.0000,0.0000,0.0000,0.0000,default
1787845905738,0.0000,0.0000,0.0000,0.0000,0.0000,default
1787845905820,0.0000,0.0000,0.0000,0.0000,0.0000,default
1787845905870,0.0000,0.0000,0.0000,0.0000,0.0000,default
1787845905945,0.0000,0.0000,0.0000,0.0000,0.0000,default
1787845906028,0.0000,0.0000,0.0000,0.0000,0.0000,default
1787845906111,0.0000,0.0000,0.0000,0.0000,0.0000,default
1787845906194,0.0000,0.0000,0.0000,0.0000,0.0000,default
1787845906279,0.0000,0.0000,0.0000,0.0000,0.0000,default
1787845906363,0.0000,0.0000,0.0000,0.0000,0.0000,default
1787845906444,0.0000,0.0000,0.0000,0.0000,0.0000,default
1787845906527,0.0000,0.0000,0.0000,0.0000,0.0000,default
1787845906611,0.0000,0.0000,0.0000,0.0000,0.0000,default
1787845906694,0.0000,0.0000,0.0000,0.0000,0.0000,default
1787845906778,0.0000,0.0000,0.0000,0.0000,0.0000,default
1787845906862,0.0000,0.0000,0.0000,0.0000,0.0000,default
1787845906945,0.0000,0.0000,0.0000,0.0000,0.0000,default
1787845907030,0.0000,0.0000,0.0000,0.0000,0.0000,default
1787845907111,0.0000,0.0000,0.0000,0.0000,0.0000,default
1787845907195,0.0000,0.0000,0.0000,0.0000,0.0000,default
1787845907277,0.0000,0.0000,0.0000,0.0000,0.0000,default
1787845907361,0.0000,0.0000,0.0000,0.0000,0.0000,default
1787845907446,0.0000,0.0000,0.0000,0.0000,0.0000,default
1787845907528,0.0000,0.0000,0.0000,0.0000,0.0000,default
1787845907612,0.0000,0.0000,0.0000,0.0000,0.0000,default
1787845907695,0.0000,0.0000,0.0000,0.0000,0.0000,default
1787845907778,0.0000,0.0000,0.0000,0.0000,0.0000,default
1787845907862,0.0000,0.0000,0.0000,0.0000,0.0000,default
1787845907945,0.0000,0.0000,0.0000,0.0000,0.0000,default
1787845908033,0.0000,0.0000,0.0000,0.0000,0.0000,default
1787845908111,0.0000,0.0000,0.0000,0.0000,0.0000,default
1787845908195,0.0000,0.0000,0.0000,0.0000,0.0000,default
1787845908279,0.0000,0.0000,0.0000,0.0000,0.0000,default
1787845908363,0.0000,0.0000,0.0000,0.0000,0.0000,default
1787845908444,0.0000,0.0000,0.0000,0.0000,0.0000,default
1787845908491,0.0000,0.0000,0.0000,0.0000,0.0000,default
1787845908570,0.0000,0.0000,0.0000,0.0000,0.0000,default
1787845908653,0.0000,0.0000,0.0000,0.0000,0.0000,default
1787845908736,0.0000,0.0000,0.0000,0.0000,0.0000,default
1787845908821,0.0000,0.0000,0.0000,0.0000,0.0000,default
1787845908903,0.0000,0.0000,0.0000,0.0000,0.0000,default
1787845908985,0.0000,0.0000,0.0000,0.0000,0.0000,default
1787845909081,0.0000,0.0000,0.0000,0.0000,0.0000,default
1787845909153,0.0000,0.0000,0.0000,0.0000,0.0000,default
1787845909237,0.0000,0.0000,0.0000,0.0000,0.0000,default
1787845909321,0.0000,0.0000,0.0000,0.0000,0.0000,default
1787845909402,0.0000,0.0000,0.0000,0.0000,0.0000,default
1787845909491,0.0000,0.0000,0.0000,0.0000,0.0000,default
1787845909568,0.0000,0.0000,0.0000,0.0000,0.0000,default
1787845909654,0.0000,0.0000,0.0000,0.0000,0.0000,default
1787845909738,0.0000,0.0000,0.0000,0.0000,0.0000,default
1787845909819,0.0000,0.0000,0.0000,0.0000,0.0000,default
1787845909903,0.0000,0.0000,0.0000,0.0000,0.0000,default
1787845909985,0.0000,0.0000,0.0000,0.0000,0.0000,default
1787845910069,0.0000,0.0000,0.0000,0.0000,0.0000,default
1787845910153,0.0000,0.0000,0.0000,0.0000,0.0000,default
1787845910237,0.0000,0.0000,0.0000,0.0000,0.0000,default
1787845910320,0.0000,0.0000,0.0000,0.0000,0.0000,default
1787845910403,0.0000,0.0000,0.0000,0.0000,0.0000,default
1787845910487,0.0000,0.0000,0.0000,0.0000,0.0000,default
1787845910569,0.0000,0.0000,0.0000,0.0000,0.0000,default
1787845910655,0.0000,0.0000,0.0000,0.0000,0.0000,default
1787845910736,0.0000,0.0000,0.0000,0.0000,0.0000,default
1787845910821,0.0000,0.0000,0.0000,0.0000,0.0000,default
1787845910904,0.0000,0.0000,0.0000,0.0000,0.0000,default
1787845910985,0.0000,0.0000,0.0000,0.0000,0.0000,default
1787845911071,0.0000,0.0000,0.0000,0.0000,0.0000,default
1787845911153,0.0000,0.0000,0.0000,0.0000,0.0000,default
1787845911235,0.0000,0.0000,0.0000,0.0000,0.0000,default
1787845911319,0.0000,0.0000,0.0000,0.0000,0.0000,default
1787845911403,0.0000,0.0000,0.0000,0.0000,0.0000,default
1787845911486,0.0000,0.0000,0.0000,0.0000,0.0000,default
1787845911570,0.0000,0.0000,0.0000,0.0000,0.0000,default
1787845911653,0.0000,0.0000,0.0000,0.0000,0.0000,default
1787845911703,0.0000,0.0000,0.0000,0.0000,0.0000,default
1787845911778,0.0000,0.0000,0.0000,0.0000,0.0000,default
1787845911860,0.0000,0.0000,0.0000,0.0000,0.0000,default
1787845911944,0.0000,0.0000,0.0000,0.0000,0.0000,default
1787845912027,0.0000,0.0000,0.0000,0.0000,0.0000,default
1787845912111,0.0000,0.0000,0.0000,0.0000,0.0000,default
1787845912162,0.0000,0.0000,0.0000,0.0000,0.0000,default
1787845912237,0.0000,0.0000,0.0000,0.0000,0.0000,default
1787845912319,0.0000,0.0000,0.0000,0.0000,0.0000,default
1787845912402,0.0000,0.0000,0.0000,0.0000,0.0000,default
1787845912487,0.0000,0.0000,0.0000,0.0000,0.0000,default
1787845912569,0.0000,0.0000,0.0000,0.0000,0.0000,default
1787845912652,0.0000,0.0000,0.0000,0.0000,0.0000,default
1787845912735,0.0000,0.0000,0.0000,0.0000,0.0000,default
1787845912818,0.0000,0.0000,0.0000,0.0000,0.0000,default
1787845912902,0.0000,0.0000,0.0000,0.0000,0.0000,default
1787845912986,0.0000,0.0000,0.0000,0.0000,0.0000,default
1787845913070,0.0000,0.0000,0.0000,0.0000,0.0000,default
1787845913152,0.0000,0.0000,0.0000,0.0000,0.0000,default
1787845913236,0.0000,0.0000,0.0000,0.0000,0.0000,default
1787845913318,0.0000,0.0000,0.0000,0.0000,0.0000,default
1787845913402,0.0000,0.0000,0.0000,0.0000,0.0000,default
1787845913485,0.0000,0.0000,0.0000,0.0000,0.0000,default
1787845913568,0.0000,0.0000,0.0000,0.0000,0.0000,default
1787845913653,0.0000,0.0000,0.0000,0.0000,0.0000,default
1787845913740,0.0000,0.0000,0.0000,0.0000,0.0000,default
1787845913818,0.0000,0.0000,0.0000,0.0000,0.0000,default
1787845913902,0.0000,0.0000,0.0000,0.0000,0.0000,default
1787845913985,0.0000,0.0000,0.0000,0.0000,0.0000,default
1787845914069,0.0000,0.0000,0.0000,0.0000,0.0000,default
1787845914152,0.0000,0.0000,0.0000,0.0000,0.0000,default
1787845914235,0.0000,0.0000,0.0000,0.0000,0.0000,default
1787845914326,0.0000,0.0000,0.0000,0.0000,0.0000,default
1787845914405,0.0000,0.0000,0.0000,0.0000,0.0000,default
1787845914486,0.0000,0.0000,0.0000,0.0000,0.0000,default
1787845914569,0.0000,0.0000,0.0000,0.0000,0.0000,default
1787845914653,0.0000,0.0000,0.0000,0.0000,0.0000,default
1787845914735,0.0000,0.0000,0.0000,0.0000,0.0000,default
1787845914783,0.0000,0.0000,0.0000,0.0000,0.0000,default
1787845914862,0.0000,0.0000,0.0000,0.0000,0.0000,default
1787845914942,0.0000,0.0000,0.0000,0.0000,0.0000,default
1787845915028,0.0000,0.0000,0.0000,0.0000,0.0000,default
1787845915112,0.0000,0.0000,0.0000,0.0000,0.0000,default
1787845915191,0.0000,0.0000,0.0000,0.0000,0.0000,default
1787845915277,0.0000,0.0000,0.0000,0.0000,0.0000,default
1787845915360,0.0000,0.0000,0.0000,0.0000,0.0000,default
1787845915443,0.0000,0.0000,0.0000,0.0000,0.0000,default
1787845915528,0.0000,0.0000,0.0000,0.0000,0.0000,default
1787845915611,0.0000,0.0000,0.0000,0.0000,0.0000,default
1787845915693,0.0000,0.0000,0.0000,0.0000,0.0000,default
1787845915777,0.0000,0.0000,0.0000,0.0000,0.0000,default
1787845915860,0.0000,0.0000,0.0000,0.0000,0.0000,default
1787845915944,0.0000,0.0000,0.0000,0.0000,0.0000,default
1787845916027,0.0000,0.0000,0.0000,0.0000,0.0000,default
1787845916110,0.0000,0.0000,0.0000,0.0000,0.0000,default
1787845916193,0.0000,0.0000,0.0000,0.0000,0.0000,default
1787845916276,0.0000,0.0000,0.0000,0.0000,0.0000,default
1787845916358,0.0000,0.0000,0.0000,0.0000,0.0000,default
1787845916443,0.0000,0.0000,0.0000,0.0000,0.0000,default
1787845916527,0.0000,0.0000,0.0000,0.0000,0.0000,default
1787845916609,0.0000,0.0000,0.0000,0.0000,0.0000,default
1787845916696,0.0000,0.0000,0.0000,0.0000,0.0000,default
1787845916778,0.0000,0.0000,0.0000,0.0000,0.0000,default
1787845916862,0.0000,0.0000,0.0000,0.0000,0.0000,default
1787845916948,0.0000,0.0000,0.0000,0.0000,0.0000,default
1787845917026,0.0000,0.0000,0.0000,0.0000,0.0000,default
1787845917110,0.0000,0.0000,0.0000,0.0000,0.0000,default
1787845917193,0.0000,0.0000,0.0000,0.0000,0.0000,default
1787845917276,0.0000,0.0000,0.0000,0.0000,0.0000,default
1787845917360,0.0000,0.0000,0.0000,0.0000,0.0000,default
1787845917442,0.0000,0.0000,0.0000,0.0000,0.0000,default
1787845917528,0.0000,0.0000,0.0000,0.0000,0.0000,default
1787845917611,0.0000,0.0000,0.0000,0.0000,0.0000,default
1787845917694,0.0000,0.0000,0.0000,0.0000,0.0000,default
1787845917778,0.0000,0.0000,0.0000,0.0000,0.0000,default
1787845917862,0.0000,0.0000,0.0000,0.0000,0.0000,default
1787845917943,0.0000,0.0000,0.0000,0.0000,0.0000,default
1787845917996,0.0000,0.0000,0.0000,0.0000,0.0000,default
1787845918068,0.0000,0.0000,0.0000,0.0000,0.0000,default
1787845918152,0.0000,0.0000,0.0000,0.0000,0.0000,default
1787845918236,0.0000,0.0000,0.0000,0.0000,0.0000,default
1787845918319,0.0000,0.0000,0.0000,0.0000,0.0000,default
1787845918401,0.0000,0.0000,0.0000,0.0000,0.0000,default
1787845918453,0.0000,0.0000,0.0000,0.0000,0.0000,default
1787845918527,0.0000,0.0000,0.0000,0.0000,0.0000,default
1787845918610,0.0000,0.0000,0.0000,0.0000,0.0000,default
1787845918692,0.0000,0.0000,0.0000,0.0000,0.0000,default
1787845918777,0.0000,0.0000,0.0000,0.0000,0.0000,default
1787845918859,0.0000,0.0000,0.0000,0.0000,0.0000,default
1787845918944,0.0000,0.0000,0.0000,0.0000,0.0000,default
1787845919028,0.0000,0.0000,0.0000,0.0000,0.0000,default
1787845919111,0.0000,0.0000,0.0000,0.0000,0.0000,default
1787845919195,0.0000,0.0000,0.0000,0.0000,0.0000,default
1787845919276,0.0000,0.0000,0.0000,0.0000,0.0000,default
1787845919360,0.0000,0.0000,0.0000,0.0000,0.0000,default
1787845919445,0.0000,0.0000,0.0000,0.0000,0.0000,default
1787845919526,0.0000,0.0000,0.0000,0.0000,0.0000,default
1787845919610,0.0000,0.0000,0.0000,0.0000,0.0000,default
1787845919694,0.0000,0.0000,0.0000,0.0000,0.0000,default
1787845919776,0.0000,0.0000,0.0000,0.0000,0.0000,default
1787845919861,0.0000,0.0000,0.0000,0.0000,0.0000,default
1787845919943,0.0000,0.0000,0.0000,0.0000,0.0000,default
1787845920026,0.0000,0.0000,0.0000,0.0000,0.0000,default
1787845920111,0.0000,0.0000,0.0000,0.0000,0.0000,default
1787845920194,0.0000,0.0000,0.0000,0.0000,0.0000,default
1787845920279,0.0000,0.0000,0.0000,0.0000,0.0000,default
1787845920360,0.0000,0.0000,0.0000,0.0000,0.0000,default
1787845920446,0.0000,0.0000,0.0000,0.0000,0.0000,default
1787845920527,0.0000,0.0000,0.0000,0.0000,0.0000,default
1787845920615,0.0000,0.0000,0.0000,0.0000,0.0000,default
1787845920694,0.0000,0.0000,0.0000,0.0000,0.0000,default
1787845920776,0.0000,0.0000,0.0000,0.0000,0.0000,default
1787845920860,0.0000,0.0000,0.0000,0.0000,0.0000,default
1787845920944,0.0000,0.0000,0.0000,0.0000,0.0000,default
1787845921027,0.0000,0.0000,0.0000,0.0000,0.0000,default
1787845921075,0.0000,0.0000,0.0000,0.0000,0.0000,default
1787845921161,0.0000,0.0000,0.0000,0.0000,0.0000,default
1787845921236,0.0000,0.0000,0.0000,0.0000,0.0000,default
1787845921319,0.0000,0.0000,0.0000,0.0000,0.0000,default
1787845921402,0.0000,0.0000,0.0000,0.0000,0.0000,default
1787845921484,0.0000,0.0000,0.0000,0.0000,0.0000,default
1787845921568,0.0000,0.0000,0.0000,0.0000,0.0000,default
1787845921652,0.0000,0.0000,0.0000,0.0000,0.0000,default
1787845921734,0.0000,0.0000,0.0000,0.0000,0.0000,default
1787845921819,0.0000,0.0000,0.0000,0.0000,0.0000,default
1787845921901,0.0000,0.0000,0.0000,0.0000,0.0000,default
1787845921985,0.0000,0.0000,0.0000,0.0000,0.0000,default
1787845922068,0.0000,0.0000,0.0000,0.0000,0.0000,default
1787845922150,0.0000,0.0000,0.0000,0.0000,0.0000,default
1787845922234,0.0000,0.0000,0.0000,0.0000,0.0000,default
1787845922318,0.0000,0.0000,0.0000,0.0000,0.0000,default
1787845922401,0.0000,0.0000,0.0000,0.0000,0.0000,default
1787845922484,0.0000,0.0000,0.0000,0.0000,0.0000,default
1787845922568,0.0000,0.0000,0.0000,0.0000,0.0000,default
1787845922651,0.0000,0.0000,0.0000,0.0000,0.0000,default
1787845922734,0.0000,0.0000,0.0000,0.0000,0.0000,default
1787845922816,0.0000,0.0000,0.0000,0.0000,0.0000,default
1787845922902,0.0000,0.0000,0.0000,0.0000,0.0000,default
1787845922984,0.0000,0.0000,0.0000,0.0000,0.0000,default
1787845923067,0.0000,0.0000,0.0000,0.0000,0.0000,default
1787845923150,0.0000,0.0000,0.0000,0.0000,0.0000,default
1787845923238,0.0000,0.0000,0.0000,0.0000,0.0000,default
1787845923317,0.0000,0.0000,0.0000,0.0000,0.0000,default
1787845923401,0.0000,0.0000,0.0000,0.0000,0.0000,default
1787845923483,0.0000,0.0000,0.0000,0.0000,0.0000,default
1787845923567,0.0000,0.0000,0.0000,0.0000,0.0000,default
1787845923652,0.0000,0.0000,0.0000,0.0000,0.0000,default
1787845923735,0.0000,0.0000,0.0000,0.0000,0.0000,default
1787845923817,0.0000,0.0000,0.0000,0.0000,0.0000,default
1787845923901,0.0000,0.0000,0.0000,0.0000,0.0000,default
1787845923983,0.0000,0.0000,0.0000,0.0000,0.0000,default
1787845924067,0.0000,0.0000,0.0000,0.0000,0.0000,default
1787845924150,0.0000,0.0000,0.0000,0.0000,0.0000,default
1787845924235,0.0000,0.0000,0.0000,0.0000,0.0000,default
1787845924287,0.0000,0.0000,0.0000,0.0000,0.0000,default
1787845924359,0.0000,0.0000,0.0000,0.0000,0.0000,default
1787845924444,0.0000,0.0000,0.0000,0.0000,0.0000,default
1787845924526,0.0000,0.0000,0.0000,0.0000,0.0000,default
1787845924610,0.0000,0.0000,0.0000,0.0000,0.0000,default
1787845924693,0.0000,0.0000,0.0000,0.0000,0.0000,default
1787845924741,0.0000,0.0000,0.0000,0.0000,0.0000,default
1787845924818,0.0000,0.0000,0.0000,0.0000,0.0000,default
1787845924901,0.0000,0.0000,0.0000,0.0000,0.0000,default
1787845924985,0.0000,0.0000,0.0000,0.0000,0.0000,default
1787845925067,0.0000,0.0000,0.0000,0.0000,0.0000,default
1787845925151,0.0000,0.0000,0.0000,0.0000,0.0000,default
1787845925234,0.0000,0.0000,0.0000,0.0000,0.0000,default
1787845925319,0.0000,0.0000,0.0000,0.0000,0.0000,default
1787845925399,0.0000,0.0000,0.0000,0.0000,0.0000,default
1787845925484,0.0000,0.0000,0.0000,0.0000,0.0000,default
1787845925567,0.0000,0.0000,0.0000,0.0000,0.0000,default
1787845925650,0.0000,0.0000,0.0000,0.0000,0.0000,default
1787845925734,0.0000,0.0000,0.0000,0.0000,0.0000,default
1787845925818,0.0000,0.0000,0.0000,0.0000,0.0000,default
1787845925901,0.0000,0.0000,0.0000,0.0000,0.0000,default
1787845925986,0.0000,0.0000,0.0000,0.0000,0.0000,default
1787845926067,0.0000,0.0000,0.0000,0.0000,0.0000,default
1787845926151,0.0000,0.0000,0.0000,0.0000,0.0000,default
1787845926234,0.0000,0.0000,0.0000,0.0000,0.0000,default
1787845926318,0.0000,0.0000,0.0000,0.0000,0.0000,default
1787845926401,0.0000,0.0000,0.0000,0.0000,0.0000,default
1787845926484,0.0000,0.0000,0.0000,0.0000,0.0000,default
1787845926567,0.0000,0.0000,0.0000,0.0000,0.0000,default
1787845926651,0.0000,0.0000,0.0000,0.0000,0.0000,default
1787845926733,0.0000,0.0000,0.0000,0.0000,0.0000,default
1787845926824,0.0000,0.0000,0.0000,0.0000,0.0000,default
1787845926907,0.0000,0.0000,0.0000,0.0000,0.0000,default
1787845926985,0.0000,0.0000,0.0000,0.0000,0.0000,default
1787845927068,0.0000,0.0000,0.0000,0.0000,0.0000,default
1787845927151,0.0000,0.0000,0.0000,0.0000,0.0000,default
1787845927234,0.0000,0.0000,0.0000,0.0000,0.0000,default
1787845927317,0.0000,0.0000,0.0000,0.0000,0.0000,default
1787845927366,0.0000,0.0000,0.0000,0.0000,0.0000,default
1787845927442,0.0000,0.0000,0.0000,0.0000,0.0000,default
1787845927526,0.0000,0.0000,0.0000,0.0000,0.0000,default
1787845927609,0.0000,0.0000,0.0000,0.0000,0.0000,default
1787845927692,0.0000,0.0000,0.0000,0.0000,0.0000,default
1787845927777,0.0000,0.0000,0.0000,0.0000,0.0000,default
1787845927858,0.0000,0.0000,0.0000,0.0000,0.0000,default
1787845927942,0.0000,0.0000,0.0000,0.0000,0.0000,default
1787845928025,0.0000,0.0000,0.0000,0.0000,0.0000,default
1787845928109,0.0000,0.0000,0.0000,0.0000,0.0000,default
1787845928192,0.0000,0.0000,0.0000,0.0000,0.0000,default
1787845928275,0.0000,0.0000,0.0000,0.0000,0.0000,default
1787845928359,0.0000,0.0000,0.0000,0.0000,0.0000,default
1787845928442,0.0000,0.0000,0.0000,0.0000,0.0000,default
1787845928525,0.0000,0.0000,0.0000,0.0000,0.0000,default
1787845928609,0.0000,0.0000,0.0000,0.0000,0.0000,default
1787845928692,0.0000,0.0000,0.0000,0.0000,0.0000,default
1787845928775,0.0000,0.0000,0.0000,0.0000,0.0000,default
1787845928859,0.0000,0.0000,0.0000,0.0000,0.0000,default
1787845928941,0.0000,0.0000,0.0000,0.0000,0.0000,default
1787845929026,0.0000,0.0000,0.0000,0.0000,0.0000,default
1787845929108,0.0000,0.0000,0.0000,0.0000,0.0000,default
1787845929192,0.0000,0.0000,0.0000,0.0000,0.0000,default
1787845929276,0.0000,0.0000,0.0000,0.0000,0.0000,default
1787845929358,0.0000,0.0000,0.0000,0.0000,0.0000,default
1787845929442,0.0000,0.0000,0.0000,0.0000,0.0000,default
1787845929529,0.0000,0.0000,0.0000,0.0000,0.0000,default
1787845929609,0.0000,0.0000,0.0000,0.0000,0.0000,default
1787845929691,0.0000,0.0000,0.0000,0.0000,0.0000,default
1787845929772,0.0000,0.0000,0.0000,0.0000,0.0000,default
1787845929859,0.0000,0.0000,0.0000,0.0000,0.0000,default
1787845929941,0.0000,0.0000,0.0000,0.0000,0.0000,default
1787845930025,0.0000,0.0000,0.0000,0.0000,0.0000,default
1787845930107,0.0000,0.0000,0.0000,0.0000,0.0000,default
1787845930193,0.0000,0.0000,0.0000,0.0000,0.0000,default
1787845930275,0.0000,0.0000,0.0000,0.0000,0.0000,default
1787845930358,0.0000,0.0000,0.0000,0.0000,0.0000,default
1787845930442,0.0000,0.0000,0.0000,0.0000,0.0000,default
1787845930527,0.0000,0.0000,0.0000,0.0000,0.0000,default
1787845930577,0.0000,0.0000,0.0000,0.0000,0.0000,default
1787845930649,0.0000,0.0000,0.0000,0.0000,0.0000,default
1787845930733,0.0000,0.0000,0.0000,0.0000,0.0000,default
1787845930816,0.0000,0.0000,0.0000,0.0000,0.0000,default
1787845930900,0.0000,0.0000,0.0000,0.0000,0.0000,default
1787845930983,0.0000,0.0000,0.0000,0.0000,0.0000,default
1787845931067,0.0000,0.0000,0.0000,0.0000,0.0000,default
1787845931150,0.0000,0.0000,0.0000,0.0000,0.0000,default
1787845931234,0.0000,0.0000,0.0000,0.0000,0.0000,default
1787845931316,0.0000,0.0000,0.0000,0.0000,0.0000,default
1787845931399,0.0000,0.0000,0.0000,0.0000,0.0000,default
1787845931483,0.0000,0.0000,0.0000,0.0000,0.0000,default
1787845931565,0.0000,0.0000,0.0000,0.0000,0.0000,default
1787845931649,0.0000,0.0000,0.0000,0.0000,0.0000,default
1787845931736,0.0000,0.0000,0.0000,0.0000,0.0000,default
1787845931817,0.0000,0.0000,0.0000,0.0000,0.0000,default
1787845931910,0.0000,0.0000,0.0000,0.0000,0.0000,default
1787845931983,0.0000,0.0000,0.0000,0.0000,0.0000,default
1787845932066,0.0000,0.0000,0.0000,0.0000,0.0000,default
1787845932149,0.0000,0.0000,0.0000,0.0000,0.0000,default
1787845932233,0.0000,0.0000,0.0000,0.0000,0.0000,default
1787845932316,0.0000,0.0000,0.0000,0.0000,0.0000,default
1787845932400,0.0000,0.0000,0.0000,0.0000,0.0000,default
1787845932483,0.0000,0.0000,0.0000,0.0000,0.0000,default
1787845932566,0.0000,0.0000,0.0000,0.0000,0.0000,default
1787845932650,0.0000,0.0000,0.0000,0.0000,0.0000,default
1787845932733,0.0000,0.0000,0.0000,0.0000,0.0000,default
1787845932815,0.0000,0.0000,0.0000,0.0000,0.0000,default
1787845932900,0.0000,0.0000,0.0000,0.0000,0.0000,default
1787845932982,0.0000,0.0000,0.0000,0.0000,0.0000,default
1787845933066,0.0000,0.0000,0.0000,0.0000,0.0000,default
1787845933150,0.0000,0.0000,0.0000,0.0000,0.0000,default
1787845933199,0.0000,0.0000,0.0000,0.0000,0.0000,default
1787845933276,0.0000,0.0000,0.0000,0.0000,0.0000,default
1787845933359,0.0000,0.0000,0.0000,0.0000,0.0000,default
1787845933441,0.0000,0.0000,0.0000,0.0000,0.0000,default
1787845933525,0.0000,0.0000,0.0000,0.0000,0.0000,default
1787845933608,0.0000,0.0000,0.0000,0.0000,0.0000,default
1787845933657,0.0000,0.0000,0.0000,0.0000,0.0000,default
1787845933734,0.0000,0.0000,0.0000,0.0000,0.0000,default
1787845933817,0.0000,0.0000,0.0000,0.0000,0.0000,default
1787845933900,0.0000,0.0000,0.0000,0.0000,0.0000,default
1787845933983,0.0000,0.0000,0.0000,0.0000,0.0000,default
1787845934066,0.0000,0.0000,0.0000,0.0000,0.0000,default
1787845934150,0.0000,0.0000,0.0000,0.0000,0.0000,default
1787845934233,0.0000,0.0000,0.0000,0.0000,0.0000,default
1787845934316,0.0000,0.0000,0.0000,0.0000,0.0000,default
1787845934401,0.0000,0.0000,0.0000,0.0000,0.0000,default
1787845934482,0.0000,0.0000,0.0000,0.0000,0.0000,default
1787845934568,0.0000,0.0000,0.0000,0.0000,0.0000,default
1787845934650,0.0000,0.0000,0.0000,0.0000,0.0000,default
1787845934732,0.0000,0.0000,0.0000,0.0000,0.0000,default
1787845934816,0.0000,0.0000,0.0000,0.0000,0.0000,default
1787845934898,0.0000,0.0000,0.0000,0.0000,0.0000,default
1787845934983,0.0000,0.0000,0.0000,0.0000,0.0000,default
1787845935067,0.0000,0.0000,0.0000,0.0000,0.0000,default
1787845935151,0.0000,0.0000,0.0000,0.0000,0.0000,default
1787845935232,0.0000,0.0000,0.0000,0.0000,0.0000,default
1787845935316,0.0000,0.0000,0.0000,0.0000,0.0000,default
1787845935399,0.0000,0.0000,0.0000,0.0000,0.0000,default
1787845935481,0.0000,0.0000,0.0000,0.0000,0.0000,default
1787845935565,0.0000,0.0000,0.0000,0.0000,0.0000,default
1787845935649,0.0000,0.0000,0.0000,0.0000,0.0000,default
1787845935734,0.0000,0.0000,0.0000,0.0000,0.0000,default
1787845935822,0.0000,0.0000,0.0000,0.0000,0.0000,default
1787845935898,0.0000,0.0000,0.0000,0.0000,0.0000,default
1787845935981,0.0000,0.0000,0.0000,0.0000,0.0000,default
1787845936065,0.0000,0.0000,0.0000,0.0000,0.0000,default
1787845936150,0.0000,0.0000,0.0000,0.0000,0.0000,default
1787845936233,0.0000,0.0000,0.0000,0.0000,0.0000,default
1787845936316,0.0000,0.0000,0.0000,0.0000,0.0000,default
1787845936398,0.0000,0.0000,0.0000,0.0000,0.0000,default
1787845936484,0.0000,0.0000,0.0000,0.0000,0.0000,default
1787845936567,0.0000,0.0000,0.0000,0.0000,0.0000,default
1787845936649,0.0000,0.0000,0.0000,0.0000,0.0000,default
1787845936734,0.0000,0.0000,0.0000,0.0000,0.0000,default
1787845936815,0.0000,0.0000,0.0000,0.0000,0.0000,default
1787845936898,0.0000,0.0000,0.0000,0.0000,0.0000,default
1787845936983,0.0000,0.0000,0.0000,0.0000,0.0000,default
1787845937067,0.0000,0.0000,0.0000,0.0000,0.0000,default
1787845937148,0.0000,0.0000,0.0000,0.0000,0.0000,default
1787845937233,0.0000,0.0000,0.0000,0.0000,0.0000,default
1787845937316,0.0000,0.0000,0.0000,0.0000,0.0000,default
1787845937399,0.0000,0.0000,0.0000,0.0000,0.0000,default
1787845937482,0.0000,0.0000,0.0000,0.0000,0.0000,default
1787845937566,0.0000,0.0000,0.0000,0.0000,0.0000,default
1787845937651,0.0000,0.0000,0.0000,0.0000,0.0000,default
1787845937732,0.0000,0.0000,0.0000,0.0000,0.0000,default
1787845937816,0.0000,0.0000,0.0000,0.0000,0.0000,default
1787845937899,0.0000,0.0000,0.0000,0.0000,0.0000,default
1787845937984,0.0000,0.0000,0.0000,0.0000,0.0000,default
1787845938066,0.0000,0.0000,0.0000,0.0000,0.0000,default
1787845938149,0.0000,0.0000,0.0000,0.0000,0.0000,default
1787845938233,0.0000,0.0000,0.0000,0.0000,0.0000,default
1787845938317,0.0000,0.0000,0.0000,0.0000,0.0000,default
1787845938400,0.0000,0.0000,0.0000,0.0000,0.0000,default
1787845938482,0.0000,0.0000,0.0000,0.0000,0.0000,default
1787845938566,0.0000,0.0000,0.0000,0.0000,0.0000,default
1787845938649,0.0000,0.0000,0.0000,0.0000,0.0000,default
1787845938732,0.0000,0.0000,0.0000,0.0000,0.0000,default
1787845938816,0.0000,0.0000,0.0000,0.0000,0.0000,default
1787845938902,0.0000,0.0000,0.0000,0.0000,0.0000,default
1787845938981,0.0000,0.0000,0.0000,0.0000,0.0000,default
1787845939066,0.0000,0.0000,0.0000,0.0000,0.0000,default
1787845939149,0.0000,0.0000,0.0000,0.0000,0.0000,default
1787845939233,0.0000,0.0000,0.0000,0.0000,0.0000,default
1787845939316,0.0000,0.0000,0.0000,0.0000,0.0000,default
1787845939399,0.0000,0.0000,0.0000,0.0000,0.0000,default
1787845939493,0.0000,0.0000,0.0000,0.0000,0.0000,default
1787845939565,0.0000,0.0000,0.0000,0.0000,0.0000,default
1787845939649,0.0000,0.0000,0.0000,0.0000,0.0000,default
1787845939732,0.0000,0.0000,0.0000,0.0000,0.0000,default
1787845939815,0.0000,0.0000,0.0000,0.0000,0.0000,default
1787845939904,0.0000,0.0000,0.0000,0.0000,0.0000,default
1787845939984,0.0000,0.0000,0.0000,0.0000,0.0000,default
1787845940065,0.0000,0.0000,0.0000,0.0000,0.0000,default
1787845940148,0.0000,0.0000,0.0000,0.0000,0.0000,default
1787845940232,0.0000,0.0000,0.0000,0.0000,0.0000,default
1787845940316,0.0000,0.0000,0.0000,0.0000,0.0000,default
1787845940399,0.0000,0.0000,0.0000,0.0000,0.0000,default
1787845940482,0.0000,0.0000,0.0000,0.0000,0.0000,default
1787845940566,0.0000,0.0000,0.0000,0.0000,0.0000,default
1787845940649,0.0000,0.0000,0.0000,0.0000,0.0000,default
1787845940732,0.0000,0.0000,0.0000,0.0000,0.0000,default
1787845940815,0.0000,0.0000,0.0000,0.0000,0.0000,default
1787845940899,0.0000,0.0000,0.0000,0.0000,0.0000,default
1787845940982,0.0000,0.0000,0.0000,0.0000,0.0000,default
1787845941065,0.0000,0.0000,0.0000,0.0000,0.0000,default
1787845941148,0.0000,0.0000,0.0000,0.0000,0.0000,default
1787845941233,0.0000,0.0000,0.0000,0.0000,0.0000,default
1787845941315,0.0000,0.0000,0.0000,0.0000,0.0000,default
1787845941399,0.0000,0.0000,0.0000,0.0000,0.0000,default
1787845941482,0.0000,0.0000,0.0000,0.0000,0.0000,default
1787845941564,0.0000,0.0000,0.0000,0.0000,0.0000,default
1787845941649,0.0000,0.0000,0.0000,0.0000,0.0000,default
1787845941733,0.0000,0.0000,0.0000,0.0000,0.0000,default
1787845941816,0.0000,0.0000,0.0000,0.0000,0.0000,default
1787845941898,0.0000,0.0000,0.0000,0.0000,0.0000,default
1787845941983,0.0000,0.0000,0.0000,0.0000,0.0000,default
1787845942065,0.0000,0.0000,0.0000,0.0000,0.0000,default
1787845942150,0.0000,0.0000,0.0000,0.0000,0.0000,default
1787845942234,0.0000,0.0000,0.0000,0.0000,0.0000,default
1787845942313,0.0000,0.0000,0.0000,0.0000,0.0000,default
1787845942399,0.0000,0.0000,0.0000,0.0000,0.0000,default
1787845942482,0.0000,0.0000,0.0000,0.0000,0.0000,default
1787845942571,0.0000,0.0000,0.0000,0.0000,0.0000,default
1787845942647,0.0000,0.0000,0.0000,0.0000,0.0000,default
1787845942731,0.0000,0.0000,0.0000,0.0000,0.0000,default
1787845942815,0.0000,0.0000,0.0000,0.0000,0.0000,default
1787845942898,0.0000,0.0000,0.0000,0.0000,0.0000,default
1787845942982,0.0000,0.0000,0.0000,0.0000,0.0000,default
1787845943066,0.0000,0.0000,0.0000,0.0000,0.0000,default
1787845943147,0.0000,0.0000,0.0000,0.0000,0.0000,default
1787845943233,0.0000,0.0000,0.0000,0.0000,0.0000,default
1787845943315,0.0000,0.0000,0.0000,0.0000,0.0000,default
1787845943398,0.0000,0.0000,0.0000,0.0000,0.0000,default
1787845943481,0.0000,0.0000,0.0000,0.0000,0.0000,default
1787845943563,0.0000,0.0000,0.0000,0.0000,0.0000,default
1787845943648,0.0000,0.0000,0.0000,0.0000,0.0000,default
1787845943731,0.0000,0.0000,0.0000,0.0000,0.0000,default
1787845943813,0.0000,0.0000,0.0000,0.0000,0.0000,default
1787845943898,0.0000,0.0000,0.0000,0.0000,0.0000,default
1787845943980,0.0000,0.0000,0.0000,0.0000,0.0000,default
1787845944066,0.0000,0.0000,0.0000,0.0000,0.0000,default
1787845944148,0.0000,0.0000,0.0000,0.0000,0.0000,default
1787845944231,0.0000,0.0000,0.0000,0.0000,0.0000,default
1787845944314,0.0000,0.0000,0.0000,0.0000,0.0000,default
1787845944397,0.0000,0.0000,0.0000,0.0000,0.0000,default
1787845944482,0.0000,0.0000,0.0000,0.0000,0.0000,default
1787845944564,0.0000,0.0000,0.0000,0.0000,0.0000,default
1787845944649,0.0000,0.0000,0.0000,0.0000,0.0000,default
1787845944734,0.0000,0.0000,0.0000,0.0000,0.0000,default
1787845944819,0.0000,0.0000,0.0000,0.0000,0.0000,default
1787845944898,0.0000,0.0000,0.0000,0.0000,0.0000,default
1787845944981,0.0000,0.0000,0.0000,0.0000,0.0000,default
1787845945064,0.0000,0.0000,0.0000,0.0000,0.0000,default
1787845945148,0.0000,0.0000,0.0000,0.0000,0.0000,default
1787845945231,0.0000,0.0000,0.0000,0.0000,0.0000,default
1787845945315,0.0000,0.0000,0.0000,0.0000,0.0000,default
1787845945398,0.0000,0.0000,0.0000,0.0000,0.0000,default
1787845945480,0.0000,0.0000,0.0000,0.0000,0.0000,default
1787845945564,0.0000,0.0000,0.0000,0.0000,0.0000,default
1787845945649,0.0000,0.0000,0.0000,0.0000,0.0000,default
1787845945732,0.0000,0.0000,0.0000,0.0000,0.0000,default
1787845945783,0.0000,0.0000,0.0000,0.0000,0.0000,default
1787845945857,0.0000,0.0000,0.0000,0.0000,0.0000,default
1787845945940,0.0000,0.0000,0.0000,0.0000,0.0000,default
1787845946024,0.0000,0.0000,0.0000,0.0000,0.0000,default
1787845946106,0.0000,0.0000,0.0000,0.0000,0.0000,default
1787845946188,0.0000,0.0000,0.0000,0.0000,0.0000,default
1787845946240,0.0000,0.0000,0.0000,0.0000,0.0000,default
1787845946314,0.0000,0.0000,0.0000,0.0000,0.0000,default
1787845946398,0.0000,0.0000,0.0000,0.0000,0.0000,default
1787845946481,0.0000,0.0000,0.0000,0.0000,0.0000,default
1787845946565,0.0000,0.0000,0.0000,0.0000,0.0000,default
1787845946648,0.0000,0.0000,0.0000,0.0000,0.0000,default
1787845946732,0.0000,0.0000,0.0000,0.0000,0.0000,default
1787845946816,0.0000,0.0000,0.0000,0.0000,0.0000,default
1787845946898,0.0000,0.0000,0.0000,0.0000,0.0000,default
1787845946981,0.0000,0.0000,0.0000,0.0000,0.0000,default
1787845947066,0.0000,0.0000,0.0000,0.0000,0.0000,default
1787845947147,0.0000,0.0000,0.0000,0.0000,0.0000,default
1787845947232,0.0000,0.0000,0.0000,0.0000,0.0000,default
1787845947316,0.0000,0.0000,0.0000,0.0000,0.0000,default
1787845947399,0.0000,0.0000,0.0000,0.0000,0.0000,default
1787845947482,0.0000,0.0000,0.0000,0.0000,0.0000,default
1787845947565,0.0000,0.0000,0.0000,0.0000,0.0000,default
1787845947647,0.0000,0.0000,0.0000,0.0000,0.0000,default
1787845947732,0.0000,0.0000,0.0000,0.0000,0.0000,default
1787845947816,0.0000,0.0000,0.0000,0.0000,0.0000,default
1787845947898,0.0000,0.0000,0.0000,0.0000,0.0000,default
1787845947982,0.0000,0.0000,0.0000,0.0000,0.0000,default
1787845948065,0.0000,0.0000,0.0000,0.0000,0.0000,default
1787845948147,0.0000,0.0000,0.0000,0.0000,0.0000,default
1787845948232,0.0000,0.0000,0.0000,0.0000,0.0000,default
1787845948314,0.0000,0.0000,0.0000,0.0000,0.0000,default
1787845948402,0.0000,0.0000,0.0000,0.0000,0.0000,default
1787845948481,0.0000,0.0000,0.0000,0.0000,0.0000,default
1787845948564,0.0000,0.0000,0.0000,0.0000,0.0000,default
1787845948647,0.0000,0.0000,0.0000,0.0000,0.0000,default
1787845948731,0.0000,0.0000,0.0000,0.0000,0.0000,default
1787845948815,0.0000,0.0000,0.0000,0.0000,0.0000,default
1787845948863,0.0000,0.0000,0.0000,0.0000,0.0000,default
1787845948939,0.0000,0.0000,0.0000,0.0000,0.0000,default
1787845949024,0.0000,0.0000,0.0000,0.0000,0.0000,default
1787845949105,0.0000,0.0000,0.0000,0.0000,0.0000,default
1787845949190,0.0000,0.0000,0.0000,0.0000,0.0000,default
1787845949274,0.0000,0.0000,0.0000,0.0000,0.0000,default
1787845949357,0.0000,0.0000,0.0000,0.0000,0.0000,default
1787845949439,0.0000,0.0000,0.0000,0.0000,0.0000,default
1787845949523,0.0000,0.0000,0.0000,0.0000,0.0000,default
1787845949606,0.0000,0.0000,0.0000,0.0000,0.0000,default
1787845949691,0.0000,0.0000,0.0000,0.0000,0.0000,default
1787845949772,0.0000,0.0000,0.0000,0.0000,0.0000,default
1787845949856,0.0000,0.0000,0.0000,0.0000,0.0000,default
1787845949939,0.0000,0.0000,0.0000,0.0000,0.0000,default
1787845950022,0.0000,0.0000,0.0000,0.0000,0.0000,default
1787845950106,0.0000,0.0000,0.0000,0.0000,0.0000,default
1787845950188,0.0000,0.0000,0.0000,0.0000,0.0000,default
1787845950272,0.0000,0.0000,0.0000,0.0000,0.0000,default
1787845950356,0.0000,0.0000,0.0000,0.0000,0.0000,default
1787845950439,0.0000,0.0000,0.0000,0.0000,0.0000,default
1787845950522,0.0000,0.0000,0.0000,0.0000,0.0000,default
1787845950605,0.0000,0.0000,0.0000,0.0000,0.0000,default
1787845950690,0.0000,0.0000,0.0000,0.0000,0.0000,default
1787845950773,0.0000,0.0000,0.0000,0.0000,0.0000,default
1787845950939,0.0000,0.0000,0.0000,0.0000,0.0000,default
1787845951026,0.0000,0.0000,0.0000,0.0000,0.0000,default
1787845951107,0.0000,0.0000,0.0000,0.0000,0.0000,default
1787845951189,0.0000,0.0000,0.0000,0.0000,0.0000,default
1787845951272,0.0000,0.0000,0.0000,0.0000,0.0000,default
1787845951355,0.0000,0.0000,0.0000,0.0000,0.0000,default
1787845951438,0.0000,0.0000,0.0000,0.0000,0.0000,default
1787845951524,0.0000,0.0000,0.0000,0.0000,0.0000,default
1787845951606,0.0000,0.0000,0.0000,0.0000,0.0000,default
1787845951688,0.0000,0.0000,0.0000,0.0000,0.0000,default
1787845951773,0.0000,0.0000,0.0000,0.0000,0.0000,default
1787845951857,0.0000,0.0000,0.0000,0.0000,0.0000,default
1787845951939,0.0000,0.0000,0.0000,0.0000,0.0000,default
1787845952022,0.0000,0.0000,0.0000,0.0000,0.0000,default
1787845952072,0.0000,0.0000,0.0000,0.0000,0.0000,default
1787845952146,0.0000,0.0000,0.0000,0.0000,0.0000,default
1787845952230,0.0000,0.0000,0.0000,0.0000,0.0000,default
1787845952314,0.0000,0.0000,0.0000,0.0000,0.0000,default
1787845952397,0.0000,0.0000,0.0000,0.0000,0.0000,default
1787845952481,0.0000,0.0000,0.0000,0.0000,0.0000,default
1787845952530,0.0000,0.0000,0.0000,0.0000,0.0000,default
1787845952606,0.0000,0.0000,0.0000,0.0000,0.0000,default
1787845952692,0.0000,0.0000,0.0000,0.0000,0.0000,default
1787845952771,0.0000,0.0000,0.0000,0.0000,0.0000,default
1787845952855,0.0000,0.0000,0.0000,0.0000,0.0000,default
1787845952940,0.0000,0.0000,0.0000,0.0000,0.0000,default
1787845953022,0.0000,0.0000,0.0000,0.0000,0.0000,default
1787845953104,0.0000,0.0000,0.0000,0.0000,0.0000,default
1787845953190,0.0000,0.0000,0.0000,0.0000,0.0000,default
1787845953272,0.0000,0.0000,0.0000,0.0000,0.0000,default
1787845953356,0.0000,0.0000,0.0000,0.0000,0.0000,default
1787845953440,0.0000,0.0000,0.0000,0.0000,0.0000,default
1787845953522,0.0000,0.0000,0.0000,0.0000,0.0000,default
1787845953606,0.0000,0.0000,0.0000,0.0000,0.0000,default
1787845953689,0.0000,0.0000,0.0000,0.0000,0.0000,default
1787845953773,0.0000,0.0000,0.0000,0.0000,0.0000,default
1787845953859,0.0000,0.0000,0.0000,0.0000,0.0000,default
1787845953941,0.0000,0.0000,0.0000,0.0000,0.0000,default
1787845954022,0.0000,0.0000,0.0000,0.0000,0.0000,default
1787845954108,0.0000,0.0000,0.0000,0.0000,0.0000,default
1787845954188,0.0000,0.0000,0.0000,0.0000,0.0000,default
1787845954282,0.0000,0.0000,0.0000,0.0000,0.0000,default
1787845954355,0.0000,0.0000,0.0000,0.0000,0.0000,default
1787845954438,0.0000,0.0000,0.0000,0.0000,0.0000,default
1787845954522,0.0000,0.0000,0.0000,0.0000,0.0000,default
1787845954604,0.0000,0.0000,0.0000,0.0000,0.0000,default
1787845954694,0.0000,0.0000,0.0000,0.0000,0.0000,default
1787845954772,0.0000,0.0000,0.0000,0.0000,0.0000,default
1787845954857,0.0000,0.0000,0.0000,0.0000,0.0000,default
1787845954939,0.0000,0.0000,0.0000,0.0000,0.0000,default
1787845955022,0.0000,0.0000,0.0000,0.0000,0.0000,default
1787845955105,0.0000,0.0000,0.0000,0.0000,0.0000,default
1787845955188,0.0000,0.0000,0.0000,0.0000,0.0000,default
1787845955314,0.0000,0.0000,0.0000,0.0000,0.0000,default
1787845955396,0.0000,0.0000,0.0000,0.0000,0.0000,default
1787845955480,0.0000,0.0000,0.0000,0.0000,0.0000,default
1787845955562,0.0000,0.0000,0.0000,0.0000,0.0000,default
1787845955647,0.0000,0.0000,0.0000,0.0000,0.0000,default
1787845955730,0.0000,0.0000,0.0000,0.0000,0.0000,default
1787845955814,0.0000,0.0000,0.0000,0.0000,0.0000,default
1787845955898,0.0000,0.0000,0.0000,0.0000,0.0000,default
1787845955981,0.0000,0.0000,0.0000,0.0000,0.0000,default
1787845956063,0.0000,0.0000,0.0000,0.0000,0.0000,default
1787845956148,0.0000,0.0000,0.0000,0.0000,0.0000,default
1787845956231,0.0000,0.0000,0.0000,0.0000,0.0000,default
1787845956312,0.0000,0.0000,0.0000,0.0000,0.0000,default
1787845956397,0.0000,0.0000,0.0000,0.0000,0.0000,default
1787845956479,0.0000,0.0000,0.0000,0.0000,0.0000,default
1787845956563,0.0000,0.0000,0.0000,0.0000,0.0000,default
1787845956646,0.0000,0.0000,0.0000,0.0000,0.0000,default
1787845956730,0.0000,0.0000,0.0000,0.0000,0.0000,default
1787845956813,0.0000,0.0000,0.0000,0.0000,0.0000,default
1787845956896,0.0000,0.0000,0.0000,0.0000,0.0000,default
1787845956980,0.0000,0.0000,0.0000,0.0000,0.0000,default
1787845957063,0.0000,0.0000,0.0000,0.0000,0.0000,default
1787845957148,0.0000,0.0000,0.0000,0.0000,0.0000,default
1787845957230,0.0000,0.0000,0.0000,0.0000,0.0000,default
1787845957316,0.0000,0.0000,0.0000,0.0000,0.0000,default
1787845957399,0.0000,0.0000,0.0000,0.0000,0.0000,default
1787845957480,0.0000,0.0000,0.0000,0.0000,0.0000,default
1787845957563,0.0000,0.0000,0.0000,0.0000,0.0000,default
1787845957646,0.0000,0.0000,0.0000,0.0000,0.0000,default
1787845957729,0.0000,0.0000,0.0000,0.0000,0.0000,default
1787845957814,0.0000,0.0000,0.0000,0.0000,0.0000,default
1787845957897,0.0000,0.0000,0.0000,0.0000,0.0000,default
1787845957980,0.0000,0.0000,0.0000,0.0000,0.0000,default
1787845958064,0.0000,0.0000,0.0000,0.0000,0.0000,default
1787845958147,0.0000,0.0000,0.0000,0.0000,0.0000,default
1787845958232,0.0000,0.0000,0.0000,0.0000,0.0000,default
1787845958314,0.0000,0.0000,0.0000,0.0000,0.0000,default
1787845958365,0.0000,0.0000,0.0000,0.0000,0.0000,default
1787845958439,0.0000,0.0000,0.0000,0.0000,0.0000,default
1787845958522,0.0000,0.0000,0.0000,0.0000,0.0000,default
1787845958605,0.0000,0.0000,0.0000,0.0000,0.0000,default
1787845958688,0.0000,0.0000,0.0000,0.0000,0.0000,default
1787845958771,0.0000,0.0000,0.0000,0.0000,0.0000,default
1787845958821,0.0000,0.0000,0.0000,0.0000,0.0000,default
1787845958897,0.0000,0.0000,0.0000,0.0000,0.0000,default
1787845958980,0.0000,0.0000,0.0000,0.0000,0.0000,default
1787845959063,0.0000,0.0000,0.0000,0.0000,0.0000,default
1787845959147,0.0000,0.0000,0.0000,0.0000,0.0000,default
1787845959230,0.0000,0.0000,0.0000,0.0000,0.0000,default
1787845959314,0.0000,0.0000,0.0000,0.0000,0.0000,default
1787845959396,0.0000,0.0000,0.0000,0.0000,0.0000,default
1787845959479,0.0000,0.0000,0.0000,0.0000,0.0000,default
1787845959564,0.0000,0.0000,0.0000,0.0000,0.0000,default
1787845959647,0.0000,0.0000,0.0000,0.0000,0.0000,default
1787845959730,0.0000,0.0000,0.0000,0.0000,0.0000,default
1787845959815,0.0000,0.0000,0.0000,0.0000,0.0000,default
1787845959898,0.0000,0.0000,0.0000,0.0000,0.0000,default
1787845959980,0.0000,0.0000,0.0000,0.0000,0.0000,default
1787845960065,0.0000,0.0000,0.0000,0.0000,0.0000,default
1787845960148,0.0000,0.0000,0.0000,0.0000,0.0000,default
1787845960229,0.0000,0.0000,0.0000,0.0000,0.0000,default
1787845960314,0.0000,0.0000,0.0000,0.0000,0.0000,default
1787845960397,0.0000,0.0000,0.0000,0.0000,0.0000,default
1787845960481,0.0000,0.0000,0.0000,0.0000,0.0000,default
1787845960564,0.0000,0.0000,0.0000,0.0000,0.0000,default
1787845960647,0.0000,0.0000,0.0000,0.0000,0.0000,default
1787845960730,0.0000,0.0000,0.0000,0.0000,0.0000,default
1787845960813,0.0000,0.0000,0.0000,0.0000,0.0000,default
1787845960897,0.0000,0.0000,0.0000,0.0000,0.0000,default
1787845960987,0.0000,0.0000,0.0000,0.0000,0.0000,default
1787845961061,0.0000,0.0000,0.0000,0.0000,0.0000,default
1787845961145,0.0000,0.0000,0.0000,0.0000,0.0000,default
1787845961230,0.0000,0.0000,0.0000,0.0000,0.0000,default
1787845961313,0.0000,0.0000,0.0000,0.0000,0.0000,default
1787845961397,0.0000,0.0000,0.0000,0.0000,0.0000,default
1787845961480,0.0000,0.0000,0.0000,0.0000,0.0000,default
1787845961563,0.0000,0.0000,0.0000,0.0000,0.0000,default
1787845961647,0.0000,0.0000,0.0000,0.0000,0.0000,default
1787845961730,0.0000,0.0000,0.0000,0.0000,0.0000,default
1787845961813,0.0000,0.0000,0.0000,0.0000,0.0000,default
1787845961896,0.0000,0.0000,0.0000,0.0000,0.0000,default
1787845961980,0.0000,0.0000,0.0000,0.0000,0.0000,default
1787845962064,0.0000,0.0000,0.0000,0.0000,0.0000,default
1787845962146,0.0000,0.0000,0.0000,0.0000,0.0000,default
1787845962229,0.0000,0.0000,0.0000,0.0000,0.0000,default
1787845962313,0.0000,0.0000,0.0000,0.0000,0.0000,default
1787845962396,0.0000,0.0000,0.0000,0.0000,0.0000,default
1787845962480,0.0000,0.0000,0.0000,0.0000,0.0000,default
1787845962563,0.0000,0.0000,0.0000,0.0000,0.0000,default
1787845962647,0.0000,0.0000,0.0000,0.0000,0.0000,default
1787845962729,0.0000,0.0000,0.0000,0.0000,0.0000,default
1787845962814,0.0000,0.0000,0.0000,0.0000,0.0000,default
1787845962896,0.0000,0.0000,0.0000,0.0000,0.0000,default
1787845962979,0.0000,0.0000,0.0000,0.0000,0.0000,default
1787845963063,0.0000,0.0000,0.0000,0.0000,0.0000,default
1787845963147,0.0000,0.0000,0.0000,0.0000,0.0000,default
1787845963230,0.0000,0.0000,0.0000,0.0000,0.0000,default
1787845963312,0.0000,0.0000,0.0000,0.0000,0.0000,default
1787845963397,0.0000,0.0000,0.0000,0.0000,0.0000,default
1787845963481,0.0000,0.0000,0.0000,0.0000,0.0000,default
1787845963562,0.0000,0.0000,0.0000,0.0000,0.0000,default
1787845963645,0.0000,0.0000,0.0000,0.0000,0.0000,default
1787845963728,0.0000,0.0000,0.0000,0.0000,0.0000,default
1787845963814,0.0000,0.0000,0.0000,0.0000,0.0000,default
1787845963896,0.0000,0.0000,0.0000,0.0000,0.0000,default
1787845963980,0.0000,0.0000,0.0000,0.0000,0.0000,default
1787845964065,0.0000,0.0000,0.0000,0.0000,0.0000,default
1787845964147,0.0000,0.0000,0.0000,0.0000,0.0000,default
1787845964229,0.0000,0.0000,0.0000,0.0000,0.0000,default
1787845964312,0.0000,0.0000,0.0000,0.0000,0.0000,default
1787845964395,0.0000,0.0000,0.0000,0.0000,0.0000,default
1787845964479,0.0000,0.0000,0.0000,0.0000,0.0000,default
1787845964563,0.0000,0.0000,0.0000,0.0000,0.0000,default
1787845964645,0.0000,0.0000,0.0000,0.0000,0.0000,default
1787845964730,0.0000,0.0000,0.0000,0.0000,0.0000,default
1787845964812,0.0000,0.0000,0.0000,0.0000,0.0000,default
1787845964896,0.0000,0.0000,0.0000,0.0000,0.0000,default
1787845964980,0.0000,0.0000,0.0000,0.0000,0.0000,default
1787845965063,0.0000,0.0000,0.0000,0.0000,0.0000,default
1787845965112,0.0000,0.0000,0.0000,0.0000,0.0000,default
1787845965188,0.0000,0.0000,0.0000,0.0000,0.0000,default
1787845965271,0.0000,0.0000,0.0000,0.0000,0.0000,default
1787845965354,0.0000,0.0000,0.0000,0.0000,0.0000,default
1787845965439,0.0000,0.0000,0.0000,0.0000,0.0000,default
1787845965521,0.0000,0.0000,0.0000,0.0000,0.0000,default
1787845965606,0.0000,0.0000,0.0000,0.0000,0.0000,default
1787845965687,0.0000,0.0000,0.0000,0.0000,0.0000,default
1787845965771,0.0000,0.0000,0.0000,0.0000,0.0000,default
1787845965854,0.0000,0.0000,0.0000,0.0000,0.0000,default
1787845965937,0.0000,0.0000,0.0000,0.0000,0.0000,default
1787845966021,0.0000,0.0000,0.0000,0.0000,0.0000,default
1787845966105,0.0000,0.0000,0.0000,0.0000,0.0000,default
1787845966187,0.0000,0.0000,0.0000,0.0000,0.0000,default
1787845966270,0.0000,0.0000,0.0000,0.0000,0.0000,default
1787845966353,0.0000,0.0000,0.0000,0.0000,0.0000,default
1787845966437,0.0000,0.0000,0.0000,0.0000,0.0000,default
1787845966520,0.0000,0.0000,0.0000,0.0000,0.0000,default
1787845966604,0.0000,0.0000,0.0000,0.0000,0.0000,default
1787845966689,0.0000,0.0000,0.0000,0.0000,0.0000,default
1787845966772,0.0000,0.0000,0.0000,0.0000,0.0000,default
1787845966854,0.0000,0.0000,0.0000,0.0000,0.0000,default
1787845966935,0.0000,0.0000,0.0000,0.0000,0.0000,default
1787845967021,0.0000,0.0000,0.0000,0.0000,0.0000,default
1787845967103,0.0000,0.0000,0.0000,0.0000,0.0000,default
1787845967187,0.0000,0.0000,0.0000,0.0000,0.0000,default
1787845967278,0.0000,0.0000,0.0000,0.0000,0.0000,default
1787845967352,0.0000,0.0000,0.0000,0.0000,0.0000,default
1787845967438,0.0000,0.0000,0.0000,0.0000,0.0000,default
1787845967521,0.0000,0.0000,0.0000,0.0000,0.0000,default
1787845967605,0.0000,0.0000,0.0000,0.0000,0.0000,default
1787845967688,0.0000,0.0000,0.0000,0.0000,0.0000,default
1787845967770,0.0000,0.0000,0.0000,0.0000,0.0000,default
1787845967853,0.0000,0.0000,0.0000,0.0000,0.0000,default
1787845967937,0.0000,0.0000,0.0000,0.0000,0.0000,default
1787845968020,0.0000,0.0000,0.0000,0.0000,0.0000,default
1787845968103,0.0000,0.0000,0.0000,0.0000,0.0000,default
1787845968187,0.0000,0.0000,0.0000,0.0000,0.0000,default
1787845968271,0.0000,0.0000,0.0000,0.0000,0.0000,default
1787845968353,0.0000,0.0000,0.0000,0.0000,0.0000,default
1787845968436,0.0000,0.0000,0.0000,0.0000,0.0000,default
1787845968518,0.0000,0.0000,0.0000,0.0000,0.0000,default
1787845968605,0.0000,0.0000,0.0000,0.0000,0.0000,default
1787845968688,0.0000,0.0000,0.0000,0.0000,0.0000,default
1787845968771,0.0000,0.0000,0.0000,0.0000,0.0000,default
1787845968853,0.0000,0.0000,0.0000,0.0000,0.0000,default
1787845968936,0.0000,0.0000,0.0000,0.0000,0.0000,default
1787845969020,0.0000,0.0000,0.0000,0.0000,0.0000,default
1787845969105,0.0000,0.0000,0.0000,0.0000,0.0000,default
1787845969189,0.0000,0.0000,0.0000,0.0000,0.0000,default
1787845969270,0.0000,0.0000,0.0000,0.0000,0.0000,default
1787845969354,0.0000,0.0000,0.0000,0.0000,0.0000,default
1787845969439,0.0000,0.0000,0.0000,0.0000,0.0000,default
1787845969520,0.0000,0.0000,0.0000,0.0000,0.0000,default
1787845969604,0.0000,0.0000,0.0000,0.0000,0.0000,default
1787845969688,0.0000,0.0000,0.0000,0.0000,0.0000,default
1787845969771,0.0000,0.0000,0.0000,0.0000,0.0000,default
1787845969853,0.0000,0.0000,0.0000,0.0000,0.0000,default
1787845969937,0.0000,0.0000,0.0000,0.0000,0.0000,default
1787845970020,0.0000,0.0000,0.0000,0.0000,0.0000,default
1787845970104,0.0000,0.0000,0.0000,0.0000,0.0000,default
1787845970186,0.0000,0.0000,0.0000,0.0000,0.0000,default
1787845970270,0.0000,0.0000,0.0000,0.0000,0.0000,default
1787845970357,0.0000,0.0000,0.0000,0.0000,0.0000,default
1787845970435,0.0000,0.0000,0.0000,0.0000,0.0000,default
1787845970520,0.0000,0.0000,0.0000,0.0000,0.0000,default
1787845970604,0.0000,0.0000,0.0000,0.0000,0.0000,default
1787845970687,0.0000,0.0000,0.0000,0.0000,0.0000,default
1787845970769,0.0000,0.0000,0.0000,0.0000,0.0000,default
1787845970854,0.0000,0.0000,0.0000,0.0000,0.0000,default
1787845970936,0.0000,0.0000,0.0000,0.0000,0.0000,default
1787845971020,0.0000,0.0000,0.0000,0.0000,0.0000,default
1787845971103,0.0000,0.0000,0.0000,0.0000,0.0000,default
1787845971187,0.0000,0.0000,0.0000,0.0000,0.0000,default
1787845971270,0.0000,0.0000,0.0000,0.0000,0.0000,default
1787845971354,0.0000,0.0000,0.0000,0.0000,0.0000,default
1787845971436,0.0000,0.0000,0.0000,0.0000,0.0000,default
1787845971520,0.0000,0.0000,0.0000,0.0000,0.0000,default
1787845971604,0.0000,0.0000,0.0000,0.0000,0.0000,default
1787845971685,0.0000,0.0000,0.0000,0.0000,0.0000,default
1787845971770,0.0000,0.0000,0.0000,0.0000,0.0000,default
1787845971852,0.0000,0.0000,0.0000,0.0000,0.0000,default
1787845971938,0.0000,0.0000,0.0000,0.0000,0.0000,default
1787845972019,0.0000,0.0000,0.0000,0.0000,0.0000,default
1787845972102,0.0000,0.0000,0.0000,0.0000,0.0000,default
1787845972187,0.0000,0.0000,0.0000,0.0000,0.0000,default
1787845972269,0.0000,0.0000,0.0000,0.0000,0.0000,default
1787845972352,0.0000,0.0000,0.0000,0.0000,0.0000,default
1787845972435,0.0000,0.0000,0.0000,0.0000,0.0000,default
1787845972521,0.0000,0.0000,0.0000,0.0000,0.0000,default
1787845972603,0.0000,0.0000,0.0000,0.0000,0.0000,default
1787845972689,0.0000,0.0000,0.0000,0.0000,0.0000,default
1787845972773,0.0000,0.0000,0.0000,0.0000,0.0000,default
1787845972854,0.0000,0.0000,0.0000,0.0000,0.0000,default
1787845972936,0.0000,0.0000,0.0000,0.0000,0.0000,default
1787845973021,0.0000,0.0000,0.0000,0.0000,0.0000,default
1787845973104,0.0000,0.0000,0.0000,0.0000,0.0000,default
1787845973187,0.0000,0.0000,0.0000,0.0000,0.0000,default
1787845973269,0.0000,0.0000,0.0000,0.0000,0.0000,default
1787845973352,0.0000,0.0000,0.0000,0.0000,0.0000,default
1787845973437,0.0000,0.0000,0.0000,0.0000,0.0000,default
1787845973520,0.0000,0.0000,0.0000,0.0000,0.0000,default
1787845973601,0.0000,0.0000,0.0000,0.0000,0.0000,default
1787845973686,0.0000,0.0000,0.0000,0.0000,0.0000,default
1787845973770,0.0000,0.0000,0.0000,0.0000,0.0000,default
1787845973853,0.0000,0.0000,0.0000,0.0000,0.0000,default
1787845973936,0.0000,0.0000,0.0000,0.0000,0.0000,default
1787845974026,0.0000,0.0000,0.0000,0.0000,0.0000,default
1787845974104,0.0000,0.0000,0.0000,0.0000,0.0000,default
1787845974186,0.0000,0.0000,0.0000,0.0000,0.0000,default
1787845974269,0.0000,0.0000,0.0000,0.0000,0.0000,default
1787845974353,0.0000,0.0000,0.0000,0.0000,0.0000,default
1787845974436,0.0000,0.0000,0.0000,0.0000,0.0000,default
1787845974520,0.0000,0.0000,0.0000,0.0000,0.0000,default
1787845974604,0.0000,0.0000,0.0000,0.0000,0.0000,default
1787845974687,0.0000,0.0000,0.0000,0.0000,0.0000,default
1787845974769,0.0000,0.0000,0.0000,0.0000,0.0000,default
1787845974852,0.0000,0.0000,0.0000,0.0000,0.0000,default
1787845974936,0.0000,0.0000,0.0000,0.0000,0.0000,default
